"Name","glottocode","iso_code","latitude","longitude","BasicWordOrder","AdpositionOrder"
"Abau","abau1245","aau",-4,141.25,"SOV","Postpositions"
"Abipón","abip1241","axb",-29,-61,"SVO","Prepositions"
"Abkhaz","abkh1244","abk",43.0833333333,41,"SOV","Postpositions"
"Abui","abui1241","abz",-8.25,124.666666667,"SOV","No adpositions"
"Acehnese","achi1257","ace",5.5,95.5,"No dominant order","Prepositions"
"Achagua","acha1250","aca",4.41666666667,-72.25,"SVO","Postpositions"
"Acholi","acol1236","ach",3,32.6666666667,"SVO","Prepositions"
"Achumawi","achu1247","acv",41.5,-121,"SVO","Prepositions"
"Acoma","west2632","kjq",34.9166666667,-107.583333333,"No dominant order","Postpositions"
"Adang","adan1251","adn",-8.2,124,"SOV","Postpositions"
"Adioukrou","adio1239","adj",5.41666666667,-4.58333333333,"SVO","Postpositions"
"Adynyamathanha","adny1235","adt",-30.5,139.5,"No dominant order","Postpositions"
"Adyghe (Abzakh)","adyg1241","ady",45.2333333333,40.5833333333,"SOV","Postpositions"
"Adzera","adze1240","adz",-6.25,146.25,"SVO","Prepositions"
"Arabic (Egyptian)","egyp1253","arz",30,31,"SVO","Prepositions"
"Agta (Central)","cent2084","agt",17.9666666667,121.833333333,"VSO","Prepositions"
"Angami","anga1287","nri",25.6666666667,94.5,"SOV","Postpositions"
"Ainu","ainu1240","ain",43,143,"SOV","Postpositions"
"Aja","ajas1235","aja",7.33333333333,25.6666666667,"SVO","Prepositions"
"Ajagbe","ajab1235","ajg",7,1.75,"No dominant order","Postpositions"
"Akha","akha1245","ahk",21.8333333333,99.8333333333,"SOV","Postpositions"
"Akan","akan1250","aka",6.5,-1.25,"SVO","No dominant order"
"Alamblak","alam1246","amp",-4.66666666667,143.333333333,"SOV","Postpositions"
"Albanian","gheg1238","als",41,20,"SVO","Prepositions"
"Arop-Lokep","arop1243","apr",-5.38333333333,147.05,"SVO","Prepositions"
"Ala'ala","lala1268","nrz",-8.91666666667,146.75,"SOV","No dominant order"
"Alune","alun1238","alp",-3,128.333333333,"SVO","Prepositions"
"Alawa","alaw1244","alh",-15.1666666667,134.25,"No dominant order","Prepositions"
"Alyawarra","alya1239","aly",-22.5,135,"SOV","Postpositions"
"Amara","amar1272","aie",-5.66666666667,148.5,"SVO","Prepositions"
"Ambulas","ambu1247","abt",-3.83333333333,143,"SOV","Postpositions"
"Amahuaca","amah1246","amc",-10.5,-72.5,"No dominant order","Postpositions"
"Amele","amel1241","aey",-5.25,145.583333333,"SOV","Postpositions"
"Amharic","amha1245","amh",10,38,"SOV","No dominant order"
"Amis","amis1246","ami",23.3333333333,121.333333333,"No dominant order","Prepositions"
"Ambae (Lolovoli Northeast)","east2443","omb",-15.4166666667,167.883333333,"SVO","Prepositions"
"Arrernte (Mparntwe)","east2379","aer",-24,136,"SOV","Postpositions"
"Ambai","amba1265","amk",-1.83333333333,136.5,"SVO","Prepositions"
"Arabic (Modern Standard)","stan1318","arb",25,42,"VSO","Prepositions"
"Angas","ngas1240","anc",9.5,9.5,"SVO","Prepositions"
"Anggor","ango1254","agg",-3.75,141.166666667,"SOV","Postpositions"
"Anejom","anei1239","aty",-20.2,169.8,"VOS","Prepositions"
"Anindilyakwa","anin1240","aoi",-14,136.5,"No dominant order","Inpositions"
"Anywa","anua1242","anu",8,33.5,"No dominant order","Prepositions"
"Ao","aona1235","njo",26.5833333333,94.6666666667,"SOV","Postpositions"
"Apinayé","apin1244","apn",-5.5,-48,"SOV","Postpositions"
"Apalaí","apal1257","apy",0,-54,"No dominant order","Postpositions"
"Apatani","apat1240","apt",27.5,93.75,"SOV","Postpositions"
"Apurinã","apur1254","apu",-9,-67,"SVO","Postpositions"
"Arawak","araw1276","arw",5.5,-55.1666666667,"SVO","Postpositions"
"Archi","arch1244","aqc",42,46.8333333333,"SOV","Postpositions"
"Arabic (Gulf)","gulf1241","afb",26,49,"SVO","Prepositions"
"Armenian (Eastern)","nucl1235","hye",40,45,"No dominant order","Postpositions"
"Arosi","aros1241","aia",-10.25,161.333333333,"SVO","Prepositions"
"Arapesh (Mountain)","buki1249","ape",-3.46666666667,143.166666667,"SVO","Prepositions"
"Arabic (Iraqi)","meso1252","acm",33,44,"SVO","Prepositions"
"Asmat","tamn1235","tml",-5.5,138.5,"SOV","No adpositions"
"Asuriní","toca1235","asu",-3.5,-49.5,"OVS","Postpositions"
"Arabic (Syrian)","nort3139","apc",34,38,"No dominant order","Prepositions"
"Au","auuu1241","avt",-3.58333333333,142.083333333,"SVO","Prepositions"
"Avar","avar1256","ava",42.5,46.5,"SOV","Postpositions"
"Avokaya","avok1242","avu",4.66666666667,30,"No dominant order","Postpositions"
"Awa Pit","awac1239","kwi",1.5,-78.25,"SOV","Postpositions"
"Awtuw","awtu1239","kmn",-3.58333333333,142,"SOV","Postpositions"
"Aymara","nucl1667","ayr",-17,-69,"SOV","Postpositions"
"Ayiwo","ayiw1239","nfl",-10.3333333333,166.25,"SVO","Prepositions"
"Barai","bara1377","bbb",-9.33333333333,148.083333333,"SOV","Postpositions"
"Babungo","veng1238","bav",6.11666666667,10.4166666667,"SVO","Prepositions"
"Baré","bare1276","bae",1,-67,"SVO","Postpositions"
"Bafut","bafu1246","bfd",6.25,9.91666666667,"SVO","Prepositions"
"Bagirmi","bagi1246","bmi",11.6666666667,16,"SVO","Prepositions"
"Bai","cent2004","bca",26,100,"SVO","No dominant order"
"Bajau (Sama)","indo1317","bdl",-4.33333333333,123,"No dominant order","Prepositions"
"Baka (in Cameroon)","baka1272","bkc",2.58333333333,13.5833333333,"SVO","Prepositions"
"Bambara","bamb1269","bam",12.5,-7.5,"SOV","Postpositions"
"Bao'an","bona1250","peh",35.75,102.833333333,"SOV","Postpositions"
"Bari","bari1284","bfa",5,31.6666666667,"SVO","Prepositions"
"Basaá","basa1284","bas",3.91666666667,10.5,"SVO","Prepositions"
"Bawm","bawm1236","bgr",22.5,92.25,"SOV","Postpositions"
"Babole","dibo1245","bvx",1.08333333333,17.25,"SVO","Prepositions"
"Barambu","bara1361","brm",3.5,27,"No dominant order","Prepositions"
"Bininj Gun-Wok","gunw1252","gup",-12.5,133.75,"No dominant order","No dominant order"
"Bella Coola","bell1243","blc",52.5,-126.666666667,"VSO","Prepositions"
"Budu","budu1250","buu",2,28,"SVO","Prepositions"
"Beja","beja1238","bej",18,36,"SOV","Postpositions"
"Bongo","bong1285","bot",7.5,28.5,"SVO","Prepositions"
"Bagiro","furu1242","fuu",4.33333333333,20.5833333333,"SVO","No dominant order"
"Baga Sitemu","baga1272","bsp",10.5,-14.5,"SVO","Postpositions"
"Bhojpuri","bhoj1244","bho",26,84,"SOV","Postpositions"
"Bira","bera1259","bip",1,28.75,"SVO","Prepositions"
"Bidiya","bidi1241","bid",11.9166666667,18.75,"SVO","Prepositions"
"Biak","biak1248","bhw",-1,136,"SVO","Prepositions"
"Binandere","bina1277","bhg",-8.25,148,"SOV","Postpositions"
"Birom","bero1242","bom",9.66666666667,8.83333333333,"SVO","Prepositions"
"Baka (in Sudan)","baka1274","bdh",4.83333333333,29.25,"SVO","Prepositions"
"Betta Kurumba","bett1235","xub",11.5,76.75,"SOV","Postpositions"
"Batak (Karo)","bata1293","btx",3.25,98.25,"No dominant order","Prepositions"
"Blackfoot","siks1238","bla",50,-112.666666667,"No dominant order","No adpositions"
"Baule","baou1238","bci",7,-5,"SVO","Postpositions"
"Bilin","bili1260","byn",15.75,38.5,"No dominant order","Postpositions"
"Balti","balt1258","bft",35,76,"SOV","Postpositions"
"Biloxi","bilo1248","bll",30.5,-88.6666666667,"SOV","Postpositions"
"Berber (Middle Atlas)","cent2194","tzm",33,-5,"VSO","Prepositions"
"Bimoba","bimo1239","bim",10.5,0,"SVO","No dominant order"
"Bunuba","buna1275","bck",-17.75,125.75,"No dominant order","Inpositions"
"Bini","bini1246","bin",6.41666666667,5.83333333333,"SVO","Prepositions"
"Bankon","bank1256","abb",4.41666666667,9.58333333333,"SVO","Prepositions"
"Banoni","bann1247","bcm",-6.41666666667,155.25,"SVO","Prepositions"
"Boazi","kuni1265","kvg",-7,141.333333333,"SOV","Postpositions"
"Bobangi","bang1354","bni",-1.33333333333,17.3333333333,"SVO","Prepositions"
"Boko","boko1266","bqc",10.5,3.5,"SOV","Postpositions"
"Bolia","boli1255","bli",-1.25,18.3333333333,"SVO","Prepositions"
"Bongu","bong1291","bpu",-5.5,145.916666667,"SOV","Postpositions"
"Brao","lave1249","brb",14.1666666667,107.5,"SVO","Prepositions"
"Breton","bret1244","bre",48,-3,"SVO","Prepositions"
"Berber (Rif)","tari1263","rif",34.5,-4,"SVO","Prepositions"
"Bribri","brib1243","bzd",9.41666666667,-83,"SOV","Postpositions"
"Burmese","nucl1310","mya",21,96,"SOV","Postpositions"
"Burunge","buru1320","bds",-5.33333333333,36,"SVO","No dominant order"
"Barasano","bara1380","bsn",-0.166666666667,-70.6666666667,"No dominant order","Postpositions"
"Bushoong","bush1247","buf",-4.5,21.5,"SVO","Prepositions"
"Batak (Toba)","bata1289","bbc",2.5,99,"VOS","Prepositions"
"Burarra","bura1267","bvr",-12.25,134.583333333,"SOV","Postpositions"
"Buduma","budu1265","bdm",13.5,14.5,"SVO","Prepositions"
"Bulgarian","bulg1262","bul",42.5,25,"SVO","Prepositions"
"Buma","tean1237","tkw",-11.6333333333,166.833333333,"SVO","Prepositions"
"Busa","busa1253","bqp",9.66666666667,4,"SOV","Postpositions"
"Buriat","mong1330","bxm",52,108,"SOV","Postpositions"
"Buru","buru1303","mhs",-3.5,126.5,"SVO","Prepositions"
"Bali-Vitu","bali1280","wiv",-4.9,149.116666667,"SVO","Prepositions"
"Bajau (West Coast)","west2560","bdr",6.33333333333,116.333333333,"No dominant order","Prepositions"
"Bauzi","bauz1241","bvz",-2.5,137.5,"SOV","Postpositions"
"Cahuilla","cahu1264","chl",33.5,-116.25,"SOV","Postpositions"
"Chai","suri1267","suq",5.33333333333,35.3333333333,"No dominant order","Postpositions"
"Carib","gali1262","car",5.5,-56,"SOV","Postpositions"
"Cashibo","cash1251","cbr",-8.5,-75.5,"SOV","Postpositions"
"Cavineña","cavi1250","cav",-13.3333333333,-66.5,"No dominant order","Postpositions"
"Campa (Axininca)","asha1243","cni",-12,-74,"No dominant order","No adpositions"
"Chumash (Barbareño)","barb1263","boi",34.5,-120.25,"VOS","Prepositions"
"Chácobo","chac1251","cao",-12.1666666667,-66.75,"No dominant order","Postpositions"
"Chinantec (Comaltepec)","coma1246","cco",17.5833333333,-96.4166666667,"VSO","Prepositions"
"Choctaw","choc1276","cho",32.25,-88.5,"SOV","Postpositions"
"Carib (De'kwana)","maqu1238","mch",5.5,-65,"SOV","Postpositions"
"Cebuano","cebu1242","ceb",10,124,"VSO","Prepositions"
"Cèmuhî","cemu1238","cam",-20.8333333333,165.166666667,"VOS","Prepositions"
"Chamorro","cham1312","cha",13.45,144.75,"VSO","Prepositions"
"Chechen","chec1245","che",43.25,45.8333333333,"SOV","Postpositions"
"Cherokee","cher1273","chr",35.5,-83.5,"No dominant order","Postpositions"
"Chang","chan1313","nbc",26.3333333333,94.75,"SOV","Postpositions"
"Chaha","seba1251","sgw",8.112935,37.93267,"SOV","No dominant order"
"Chuj","chuj1249","cac",15.9166666667,-91.5833333333,"VOS","Prepositions"
"Chukchi","chuk1273","ckt",67,-173,"No dominant order","Postpositions"
"Chipewyan","chip1261","chp",59,-106,"SOV","Postpositions"
"Chinantec (Quiotepec)","quio1240","chq",17.5833333333,-96.6666666667,"VSO","Prepositions"
"Chrau","chra1242","crw",10.75,107.5,"SVO","Prepositions"
"Chuvash","chuv1255","chv",55.5,47.5,"SOV","Postpositions"
"Chichewa","nyan1308","nya",-14,34,"SVO","Prepositions"
"Chinook (Lower)","chin1286","chh",46.25,-123.5,"VOS","Prepositions"
"Canela-Krahô","cane1242","xra",-6,-46,"SOV","Postpositions"
"Chinantec (Lealao)","leal1235","cle",17.3333333333,-95.9166666667,"VOS","Prepositions"
"Cholón","chol1284","clh",-8,-77.5,"SOV","Postpositions"
"Chemehuevi","utes1238","ute",34.3333333333,-115.166666667,"No dominant order","Postpositions"
"Comanche","coma1245","com",33.5,-101.5,"SOV","Postpositions"
"Chontal Maya","taba1266","chf",18.1666666667,-92.5833333333,"SVO","Prepositions"
"Cantonese","yuec1235","yue",23,113,"SVO","No dominant order"
"Cocama","coca1259","cod",-5,-74.5,"SVO","Postpositions"
"Coos (Hanis)","coos1249","csz",43.5,-124.166666667,"No dominant order","Postpositions"
"Coptic","copt1239","cop",26,32,"SVO","Prepositions"
"Cora","elna1235","crn",22.1666666667,-104.833333333,"VSO","Postpositions"
"Chinantec (Palantla)","pala1351","cpa",18.8333333333,-96.75,"VSO","Prepositions"
"Cree (Plains)","plai1258","crk",54,-110,"No dominant order","No adpositions"
"Cornish","corn1251","cor",50.3333333333,-5,"SVO","Prepositions"
"Chatino (Sierra Occidental)","west2644","ctp",16.25,-97.3333333333,"VSO","Prepositions"
"Catalan","stan1289","cat",41.75,2,"SVO","Prepositions"
"Catawba","cata1286","chc",35.5,-80.5,"SOV","Postpositions"
"Cubeo","cube1242","cub",1.33333333333,-70.5,"OVS","Postpositions"
"Cupeño","cupe1243","cup",33.1666666667,-116.5,"SOV","Postpositions"
"Czech","czec1258","ces",50,15,"SVO","Prepositions"
"Daga","daga1275","dgz",-10,149.333333333,"SOV","Postpositions"
"Dan","dann1241","daf",7.5,-8,"SOV","Postpositions"
"Dâw","daww1239","kwa",-0.25,-67.0833333333,"SOV","Postpositions"
"Donno So","donn1238","dds",14.3333333333,-3.58333333333,"SOV","Postpositions"
"Dla (Proper)","dera1245","kbv",-3.58333333333,141,"SOV","Postpositions"
"Desano","desa1247","des",0.833333333333,-69.8333333333,"SOV","Postpositions"
"Dagaare","sout2789","dga",10.5,-2.66666666667,"SVO","Postpositions"
"Dagbani","dagb1246","dag",9.58333333333,-0.5,"SVO","Postpositions"
"Dagur","daur1238","dta",48,124,"SOV","Postpositions"
"Dhimal","dhim1246","dhi",26.6666666667,87.75,"SOV","Postpositions"
"Dhargari","dhar1247","dhr",-23.75,114.916666667,"No dominant order","No adpositions"
"Didinga","didi1258","did",4.5,33.5,"VSO","Prepositions"
"Diegueño (Mesa Grande)","kumi1248","dih",32.6666666667,-116.166666667,"SOV","Postpositions"
"Digaro","diga1241","mhu",28.4166666667,96,"SOV","Postpositions"
"Dime","dime1235","dim",6.16666666667,36.25,"SOV","Postpositions"
"Dinka","nort2815","dip",8.5,28,"No dominant order","No dominant order"
"Diola-Fogny","jola1263","dyo",13,-16.25,"SVO","Prepositions"
"Djingili","djin1251","jig",-17.75,134,"SOV","Postpositions"
"Dani (Lower Grand Valley)","lowe1415","dni",-4.33333333333,138.833333333,"SOV","Postpositions"
"Doko","ngom1268","ngc",3,23.0833333333,"SVO","Prepositions"
"Domari","doma1258","rmt",32,35,"No dominant order","Prepositions"
"Dong","sout2741","doc",27,109,"SVO","Prepositions"
"Doyayo","doya1240","dow",8.66666666667,13.0833333333,"SVO","No dominant order"
"Drehu","dehu1237","dhv",-21,167.25,"No dominant order","Prepositions"
"Dargwa","darg1241","dar",42.25,47.4166666667,"SOV","Postpositions"
"Darma","darm1243","drd",30,79.75,"SOV","Postpositions"
"Danish","dani1285","dan",56,10,"SVO","Prepositions"
"Duka","huns1239","dud",11.1666666667,5.08333333333,"SVO","Prepositions"
"Dutch","dutc1256","nld",52.5,6,"No dominant order","Prepositions"
"Dyirbal","dyir1250","dbl",-17.8333333333,145.583333333,"No dominant order","No adpositions"
"Edolo","edol1239","etr",-6.16666666667,142.666666667,"SOV","Postpositions"
"Engenni","enge1239","enn",5.16666666667,6.38333333333,"SVO","Prepositions"
"Eipo","eipo1242","eip",-4.33333333333,140.083333333,"SOV","Postpositions"
"Émérillon","emer1243","eme",3.16666666667,-52.4166666667,"SOV","Postpositions"
"Emmi","amii1238","amy",-13.5,130,"No dominant order","Postpositions"
"Enets","enet1250","enh",67.5,86.5,"SOV","Postpositions"
"English","stan1293","eng",52,0,"SVO","Prepositions"
"Enggano","engg1245","eno",-5.41666666667,102.25,"SVO","Prepositions"
"Epena Pedee","epen1239","sja",3,-77,"SOV","Postpositions"
"Efate (South)","sout2856","erk",-17.75,168.416666667,"SVO","Prepositions"
"Erromangan","siee1239","erg",-18.8333333333,169.166666667,"SVO","Prepositions"
"Ese Ejja","esee1248","ese",-11,-66,"SOV","Postpositions"
"Estonian","esto1258","est",59,26,"SVO","Postpositions"
"Eudeve","opat1246","opt",29.1666666667,-109.666666667,"SOV","Postpositions"
"Evenki","even1259","evn",56,125,"SOV","Postpositions"
"Even","even1260","eve",68,130,"SOV","Postpositions"
"Ewe","ewee1241","ewe",6.33333333333,0.416666666667,"SVO","Postpositions"
"Ewondo","ewon1239","ewo",4,12,"SVO","Prepositions"
"Fijian","fiji1243","fij",-17.8333333333,178,"No dominant order","Prepositions"
"Finnish","finn1318","fin",62,25,"SVO","Postpositions"
"Fongbe","fonn1241","fon",6.41666666667,2.16666666667,"SVO","No dominant order"
"Fore","fore1270","for",-6.75,145.5,"SOV","Postpositions"
"Momu","fass1245","fqs",-3,141.583333333,"SOV","Postpositions"
"French","stan1290","fra",48,2,"SVO","Prepositions"
"Frisian","east2288","frs",53,5,"No dominant order","Prepositions"
"Fula (Cameroonian)","adam1253","fub",9.16666666667,13.5,"SVO","Prepositions"
"Fur","furr1244","fvr",13.5,25,"SOV","Postpositions"
"Futuna-Aniwa","futu1245","fut",-19.5333333333,170.216666667,"SVO","Prepositions"
"Fyem","fyam1238","pym",9.58333333333,9.33333333333,"SVO","Prepositions"
"Gaelic (Scots)","scot1245","gla",57,-4,"VSO","Prepositions"
"Great Andamanese","apuc1241","apq",12,92.6666666667,"SOV","Postpositions"
"Gapapaiwa","gapa1238","pwg",-9.75,149.833333333,"SOV","Postpositions"
"Garo","garo1247","grt",25.6666666667,90.5,"SOV","Postpositions"
"Gbeya Bossangoa","gbay1287","gbp",6.66666666667,17.5,"SVO","Prepositions"
"Gela","gela1263","nlg",-9.08333333333,160.25,"VOS","Prepositions"
"Georgian","nucl1302","kat",42,44,"SOV","Postpositions"
"German","stan1295","deu",52,10,"No dominant order","Prepositions"
"Gimira","benc1235","bcq",7,35.75,"SOV","Postpositions"
"Gitksan","gitx1241","git",55.3333333333,-127.75,"No dominant order","Prepositions"
"Golin","goli1247","gvf",-6.33333333333,144.75,"SOV","Postpositions"
"Gumawana","guma1254","gvs",-9.25,150.833333333,"SOV","Postpositions"
"Gunbalang","kunb1251","wlg",-12,134,"SVO","Prepositions"
"Gunin","kwin1241","gww",-14.25,126.666666667,"No dominant order","Postpositions"
"Goajiro","wayu1243","guc",12,-72,"VSO","Prepositions"
"Goemai","goem1240","ank",8.66666666667,9.75,"SVO","Prepositions"
"Gokana","goka1239","gkn",4.58333333333,7.33333333333,"SVO","Prepositions"
"Gondi","sout2711","ggo",19,81,"SOV","Postpositions"
"Gooniyandi","goon1238","gni",-18.3333333333,126.333333333,"No dominant order","Inpositions"
"Grebo","barc1235","grj",5,-8,"SVO","Postpositions"
"Garífuna","gari1256","cab",15.6666666667,-88,"VSO","Prepositions"
"Guarijío","huar1255","var",27.75,-108.666666667,"No dominant order","Postpositions"
"Greek (Modern)","mode1248","ell",39,22,"No dominant order","Prepositions"
"Greenlandic (West)","kala1399","kal",64,-51,"SOV","Postpositions"
"Guaraní","para1311","gug",-26,-56,"SVO","Postpositions"
"Gude","gude1246","gde",10.4166666667,13.4166666667,"VSO","Prepositions"
"Gujarati","guja1252","guj",23,72,"SOV","Postpositions"
"Gula (in Central African Republic)","gula1269","glu",9.5,22.5,"SVO","No dominant order"
"Gurung","guru1261","gvr",28.3333333333,84.3333333333,"SOV","Postpositions"
"Gungbe","gunn1250","guw",6.5,2.5,"SVO","No dominant order"
"Gwari","gbag1258","gbr",9.5,7,"No dominant order","No dominant order"
"Gworok","tyap1238","kcg",9.91666666667,8.16666666667,"SVO","Prepositions"
"Halia","hali1244","hla",-5.25,154.666666667,"SVO","Prepositions"
"Hamtai","hamt1247","hmt",-7.5,146.25,"SOV","Postpositions"
"Hatam","hata1243","had",-1,134,"SVO","Prepositions"
"Hausa","haus1257","hau",12,7,"SVO","Prepositions"
"Hawaiian","hawa1245","haw",19.5833333333,-155.5,"VSO","Prepositions"
"Hayu","wayu1241","vay",27.25,86,"SOV","Postpositions"
"Hdi","hdii1240","xed",11.8666666667,13.7166666667,"VSO","Prepositions"
"Hebrew (Modern)","hebr1245","heb",31.5,34.8333333333,"SVO","Prepositions"
"Hehe","hehe1240","heh",-8,36,"SVO","Prepositions"
"Heiltsuk","heil1246","hei",52,-127.5,"VSO","Prepositions"
"Hemba","hemb1242","hem",-6.25,27.1666666667,"SVO","Prepositions"
"Hanga Hundi","hang1263","wos",-3.83333333333,142.916666667,"SOV","Postpositions"
"Hidatsa","hida1246","hid",47,-102.5,"SOV","Postpositions"
"Hiligaynon","hili1240","hil",10.25,123,"VSO","Prepositions"
"Hindi","hind1269","hin",25,77,"SOV","Postpositions"
"Hixkaryana","hixk1239","hix",-1,-59,"OVS","Postpositions"
"Hualapai","hava1248","yuf",35.5,-113.75,"SOV","Postpositions"
"Halkomelem (Upriver)","halk1245","hur",49.25,-121.916666667,"VSO","Prepositions"
"Hmong Njua","huam1250","hnj",28,105,"SVO","Prepositions"
"Mina","mina1276","hna",10.3333333333,13.8333333333,"SVO","Prepositions"
"Hoava","hoav1238","hoa",-8.08333333333,157.5,"VSO","Prepositions"
"Hopi","hopi1249","hop",36,-110,"SOV","Postpositions"
"Hup","hupd1244","jup",0.166666666667,-69.25,"SOV","Postpositions"
"Hua","yaga1260","ygr",-6.33333333333,145.333333333,"SOV","Postpositions"
"=|Hoan","huaa1248","huc",-25.5,25,"SVO","No dominant order"
"Huitoto (Murui)","muru1274","huu",-1,-73.5,"SOV","Postpositions"
"Hungarian","hung1274","hun",47,20,"No dominant order","Postpositions"
"Hupa","hupa1239","hup",41.0833333333,-123.666666667,"No dominant order","Postpositions"
"Huave (San Mateo del Mar)","sanm1287","huv",16.2166666667,-95,"SVO","Prepositions"
"Haya","haya1250","hay",-2,31.5,"SVO","Prepositions"
"Hunzib","hunz1247","huz",42.1666666667,46.25,"SOV","Postpositions"
"Iaai","iaai1238","iai",-20.4166666667,166.583333333,"SVO","Prepositions"
"Iban","iban1264","iba",2,112,"SVO","Prepositions"
"Icelandic","icel1247","isl",65,-17,"SVO","Prepositions"
"Iduna","idun1242","viv",-9.33333333333,150.25,"SOV","Postpositions"
"Ifumu","teke1274","ifm",-3.66666666667,15.3333333333,"SVO","Prepositions"
"Igbo","nucl1417","ibo",6,7.33333333333,"SVO","Prepositions"
"Ingessana","gaam1241","tbi",11.5,34,"SVO","Prepositions"
"Ik","ikkk1242","ikx",3.75,34.1666666667,"VSO","Prepositions"
"Ika","arhu1242","arh",10.6666666667,-73.75,"SOV","Postpositions"
"Ila","ilaa1246","ilb",-15.5833333333,26.5,"SVO","Prepositions"
"Ilocano","ilok1237","ilo",16,121,"VSO","Prepositions"
"Inanwatan","suab1238","szp",-2.08333333333,132.083333333,"No dominant order","Postpositions"
"Indonesian","indo1316","ind",0,106,"SVO","Prepositions"
"Innamincka","yand1253","ynd",-27.75,140.75,"SOV","Postpositions"
"Iquito","iqui1243","iqu",-3.25,-74,"SVO","Postpositions"
"Irish","iris1253","gle",53,-8,"VSO","Prepositions"
"Iraqw","iraq1241","irk",-4,35.5,"SOV","Prepositions"
"Irarutu","irar1238","irh",-3,133.5,"SVO","Prepositions"
"I'saka","kris1246","ksi",-2.83333333333,141.283333333,"SOV","No dominant order"
"Italian","ital1282","ita",43,12,"SVO","Prepositions"
"Itelmen","itel1242","itl",57,157.5,"SOV","No adpositions"
"Iwaidja","iwai1244","ibd",-11.5,132.666666667,"SVO","No dominant order"
"Ixil","ixil1250","ixl",15.5,-91,"VSO","Prepositions"
"Izi","izie1238","izi",6.33333333333,8,"SVO","Prepositions"
"Jabêm","yabe1254","jae",-6.58333333333,147.783333333,"SVO","No dominant order"
"Jakaltek","popt1235","jai",15.6666666667,-91.6666666667,"VSO","Prepositions"
"Jarawa (in Nigeria)","jara1263","jar",9.5,10.5,"SVO","Prepositions"
"Jabutí","djeo1235","jbt",-12.25,-62.25,"SOV","Postpositions"
"Jino","jino1236","jiu",22,101,"SOV","Postpositions"
"Jur Mödö","jurm1239","bex",6,30,"SVO","Prepositions"
"Jamsay","jams1239","djm",14.4166666667,-2.5,"SOV","Postpositions"
"Jingpho","kach1280","kac",25.4166666667,97,"SOV","Postpositions"
"Japanese","nucl1643","jpn",37,140,"SOV","Postpositions"
"Ju|'hoan","juho1239","ktz",-19,21,"SVO","Postpositions"
"Jukun","juku1254","jbu",6.91666666667,10.4166666667,"SVO","Prepositions"
"Javaé","kara1500","kpj",-10,-50.3333333333,"SOV","Postpositions"
"Karó (Arára)","karo1305","arr",-10.3333333333,-62,"SOV","Postpositions"
"Kabardian","kaba1278","kbd",43.5,43.5,"SOV","Postpositions"
"Kachari","kach1279","xac",26.5,91,"SOV","Postpositions"
"Kana","khan1278","ogo",4.75,7.41666666667,"SVO","Prepositions"
"Kara (in Central African Republic)","kara1482","kah",10,23,"SVO","Prepositions"
"Kashmiri","kash1277","kas",34,76,"SVO","Postpositions"
"Kaulong","kaul1240","pss",-6.16666666667,149.666666667,"SVO","Prepositions"
"Kayardild","kaya1319","gyd",-17.05,139.5,"No dominant order","No adpositions"
"Kabyle","kaby1243","kab",36.5,5,"VSO","Prepositions"
"Karen (Bwe)","bwek1238","bwe",19.5,97,"SVO","Prepositions"
"Kabiyé","kabi1261","kbp",9.66666666667,1.16666666667,"SVO","Prepositions"
"Koyra Chiini","koyr1240","khq",17,-3,"SVO","Postpositions"
"Kadiwéu","kadi1248","kbc",-20,-57,"SVO","No adpositions"
"Kadazan","coas1294","kzj",5.91666666667,117.166666667,"VSO","Prepositions"
"Kele","kele1258","sbc",-2.08333333333,147.083333333,"SVO","Prepositions"
"Kemant","qima1242","ahg",12.6666666667,37.4166666667,"SOV","Postpositions"
"Kenga","keng1240","kyq",12,18,"SVO","No dominant order"
"Kera","kera1255","ker",9.83333333333,15.0833333333,"SVO","Prepositions"
"Ket","kett1243","ket",64,87,"SOV","Postpositions"
"Kewa","kewa1250","kjs",-6.5,143.833333333,"SOV","Postpositions"
"Koromfe","koro1298","kfz",14.25,-0.916666666667,"SVO","No dominant order"
"Kinga","nucl1379","zga",-9,34,"SVO","Prepositions"
"Khalkha","halh1238","khk",47,105,"SOV","Postpositions"
"Kham (Dege)","kham1282","khg",31.8333333333,98.5833333333,"SOV","Postpositions"
"Khalaj","turk1303","klj",35,50,"SOV","Postpositions"
"Khmer","cent1989","khm",12.5,105,"SVO","Prepositions"
"Khoekhoe","nama1264","naq",-25.5,18,"SOV","Postpositions"
"Kharia","khar1287","khr",22.5,84.3333333333,"No dominant order","Postpositions"
"Khasi","khas1269","kha",25.5,92,"SVO","Prepositions"
"Khowar","khow1242","khw",36,72,"SOV","Postpositions"
"Kire","kire1240","geb",-4.25,144.75,"SOV","Postpositions"
"Kikuyu","kiku1240","kik",-0.75,36.75,"SVO","Prepositions"
"Kiluba","luba1250","lub",-8,26,"SVO","Prepositions"
"Kimaghama","kima1246","kig",-8,138.5,"SOV","Postpositions"
"Kinyarwanda","kiny1244","kin",-2,30,"SVO","Prepositions"
"Kiowa","kiow1266","kio",37,-99,"SOV","No adpositions"
"Kirma","cerm1238","cme",10.25,-4.83333333333,"SVO","Postpositions"
"Kisi","kiss1245","kqs",8.83333333333,-10.1666666667,"No dominant order","Prepositions"
"Kiwai","nort2930","kiw",-8,143.5,"SOV","Postpositions"
"Koreguaje","kore1283","coe",1,-75.5,"VSO","Postpositions"
"Karakalpak","kara1467","kaa",43,60,"SOV","Postpositions"
"Kuikúro","kuik1246","kui",-12.4166666667,-53.0833333333,"OVS","Postpositions"
"Kokota","koko1269","kkk",-8,159.133333333,"VSO","Prepositions"
"Korku","kork1243","kfq",22.5,78.5,"SOV","Postpositions"
"Lusi","lusi1240","khl",-5.58333333333,149.666666667,"SVO","Prepositions"
"Kaluli","kalu1248","bco",-6.5,142.75,"SOV","Postpositions"
"Kilivila","kili1267","kij",-8.5,151.083333333,"No dominant order","Prepositions"
"Kiliwa","kili1268","klb",31.3333333333,-115.666666667,"SOV","No adpositions"
"Kamaiurá","kama1373","kay",-12.0833333333,-52.5833333333,"SOV","Postpositions"
"Kombai","ndei1235","wng",-5.58333333333,140,"SOV","Postpositions"
"Kham","gama1251","kgj",28.5,82.75,"SOV","Postpositions"
"Karimojong","kara1483","kdj",3,34.1666666667,"VSO","Prepositions"
"Kuman","kuma1280","kue",-5.91666666667,145,"SOV","Postpositions"
"Koiali (Mountain)","moun1252","kpx",-9,147.5,"SOV","Postpositions"
"Kamass","kama1351","xas",52,92,"SOV","Postpositions"
"Khmu'","khmu1256","kjg",21,102,"SVO","Prepositions"
"Kamu","kamu1258","xmu",-13.5833333333,130.833333333,"No dominant order","Postpositions"
"Kamasau","kama1367","kms",-3.91666666667,143.666666667,"SOV","Postpositions"
"Kanum (Bädi)","badi1247","khd",-8.83333333333,140.75,"SOV","Postpositions"
"Kannada","nucl1305","kan",14,76,"SOV","Postpositions"
"Kaingang","kain1272","kgp",-26,-52,"SOV","Postpositions"
"Konni","konn1242","kma",10.25,-1.58333333333,"SVO","No dominant order"
"Kanakuru","dera1248","kna",10,12,"SVO","Prepositions"
"Kinnauri","kinn1249","kfk",31.5,78,"SOV","Postpositions"
"Kanuri","cent2050","knc",12,13,"SOV","Postpositions"
"Koasati","koas1236","cku",34.8333333333,-85.1666666667,"SOV","Postpositions"
"Kobon","kobo1249","kpw",-5.16666666667,144.333333333,"SOV","Postpositions"
"Koegu","kweg1241","xwg",7,36.0833333333,"SVO","Prepositions"
"Kokborok","kokb1239","trp",24.3333333333,92.5,"SOV","Postpositions"
"Kolami","kola1242","kfb",20,78.5,"SOV","Postpositions"
"Kongo","koon1244","kng",-5,15,"SVO","Prepositions"
"Korean","kore1280","kor",37.5,128,"SOV","Postpositions"
"Kosraean","kosr1238","kos",5.3,163,"SVO","Prepositions"
"Karen (Pwo)","east2341","kjp",13,99.1666666667,"SVO","Prepositions"
"Kiribati","gilb1244","gil",1.33333333333,173,"VOS","Prepositions"
"Karachay-Balkar","kara1465","krc",43.5,42,"SOV","Postpositions"
"Kurdish (Central)","nort2641","kmr",36,44,"SOV","Prepositions"
"Kresh","gbay1288","krs",8.5,24.5,"SVO","Prepositions"
"Krahô","krah1246","xra",-8,-48,"SOV","Postpositions"
"Kipea","kari1255","kzw",-10,-37,"VOS","Prepositions"
"Korana","kora1292","kqz",-29.5,20.5,"No dominant order","Postpositions"
"Kairiru","kair1263","kxa",-3.33333333333,143.583333333,"SOV","No dominant order"
"Koryak","kory1246","kpy",61,167,"SOV","Postpositions"
"Keresan (Santa Ana)","east1472","kee",35.4166666667,-106.666666667,"No dominant order","Postpositions"
"Koyraboro Senni","koyr1242","ses",16,0,"SOV","Postpositions"
"Karen (Sgaw)","sgaw1245","ksw",18,97,"SVO","Prepositions"
"Kete","kete1252","kcv",-7,22.8333333333,"SVO","Prepositions"
"Kati (in West Papua, Indonesia)","yong1280","yon",-5.75,140.916666667,"SOV","Postpositions"
"Khanty","khan1273","kca",65,65,"SOV","Postpositions"
"Kumauni","kuma1273","kfy",30,80,"SOV","Postpositions"
"Kuna","bord1248","kvn",8,-77.3333333333,"SOV","Postpositions"
"Kuvi","kuvi1243","kxv",18.75,82.6666666667,"SOV","Postpositions"
"Kwaio","kwai1243","kwd",-8.95,161,"SVO","Prepositions"
"Kwakw'ala","kwak1269","kwk",51,-127,"No dominant order","Prepositions"
"Kwangali","kwan1273","kwn",-18,19.5,"SVO","Prepositions"
"Kwoma","kwom1262","kmo",-4.16666666667,142.75,"SOV","Postpositions"
"Kawaiisu","kawa1283","xaw",36,-117.5,"No dominant order","Postpositions"
"Kwomtari","nucl1593","kwo",-3.5,141.5,"SOV","Postpositions"
"Iwoyo","sans1272","kwy",-5.5,12.25,"SVO","Prepositions"
"Kxoe","kxoe1243","xuu",-17.5,22.5,"OSV","Postpositions"
"Kuku-Yalanji","kuku1273","gvn",-16,145,"SOV","Prepositions"
"Kyaka","kyak1244","kyc",-5.55,144.083333333,"SOV","Postpositions"
"Kayah Li (Eastern)","east2342","eky",19,97.5,"SVO","No dominant order"
"Karkar-Yuri","kark1258","yuj",-3.75,141.083333333,"SOV","Postpositions"
"Kayabí","kaya1329","kyz",-11,-55.5,"SOV","Postpositions"
"Komi-Zyrian","komi1268","kpv",65,55,"SVO","Postpositions"
"Labu","labu1248","lbu",-6.75,146.916666667,"SVO","Prepositions"
"Lacandón","laca1243","lac",17,-91.5,"No dominant order","Prepositions"
"Ladakhi","lada1244","lbj",34,78,"SOV","Postpositions"
"Lagwan","lagw1237","kot",11.5,14.8333333333,"SVO","Prepositions"
"Lahu","lahu1253","lhu",20,98.1666666667,"SOV","Postpositions"
"Lai","haka1240","cnh",22.6666666667,93.6666666667,"SOV","Postpositions"
"Lalo","xish1235","ywt",25,100.25,"SOV","Postpositions"
"Lango","lang1324","laj",2.16666666667,33,"SVO","Prepositions"
"Lao","laoo1244","lao",18,103,"SVO","Prepositions"
"Latvian","latv1249","lav",57,24,"SVO","Prepositions"
"Lunda","lund1266","lun",-10.6666666667,24,"SVO","Prepositions"
"Londo","orok1266","bdu",5,9.16666666667,"SVO","Prepositions"
"Lendu","lend1245","led",2,30.5,"No dominant order","Postpositions"
"Lebeo","ngel1238","agh",1.75,25,"SVO","Prepositions"
"Lele","lele1276","lln",9.08333333333,15.5833333333,"SVO","Prepositions"
"Lenakel","lena1238","tnl",-19.45,169.25,"SVO","Prepositions"
"Lepcha","lepc1244","lep",27.1666666667,88.5,"SOV","Postpositions"
"Leti","leti1246","lti",-8.2,127.666666667,"SVO","Prepositions"
"Lewo","lewo1242","lww",-16.75,168.333333333,"SVO","Prepositions"
"Lezgian","lezg1247","lez",41.6666666667,47.8333333333,"SOV","Postpositions"
"Langi","lang1320","lag",-4.5,36,"SVO","Prepositions"
"Logoti","logo1259","log",3.5,30,"No dominant order","Postpositions"
"Longgu","long1395","lgu",-9.75,160.666666667,"VOS","Prepositions"
"Hlai (Baoding)","hlai1239","lic",19,109.5,"SVO","Prepositions"
"Lillooet","lill1248","lil",50.75,-122,"VSO","Prepositions"
"Lisu","lisu1250","lis",26,98,"SOV","Postpositions"
"Lithuanian","lith1251","lit",55,24,"SVO","Prepositions"
"Lakhota","lako1247","lkt",43.8333333333,-101.833333333,"SOV","Postpositions"
"Lelemi","lele1264","lef",7.33333333333,0.5,"SVO","Postpositions"
"Lamba","lamb1271","lam",-13,28,"No dominant order","Prepositions"
"Lamang","lama1288","hia",11.25,13.5833333333,"VSO","Prepositions"
"Lamaholot","lama1277","slp",-8.25,122.916666667,"SVO","No dominant order"
"Lamani","lamb1269","lmn",17,77,"SOV","Postpositions"
"Lampung","lamp1243","ljp",-5,105,"SVO","Prepositions"
"Linda","band1344","liy",6.5,20.75,"SVO","Prepositions"
"Loniu","loni1238","los",-2.06666666667,147.333333333,"SVO","Prepositions"
"Lotha","loth1237","njh",26.5,94.25,"SOV","Postpositions"
"Lou","louu1245","loj",-2.38333333333,147.316666667,"SVO","Prepositions"
"Lugbara","lugb1240","lgg",3.08333333333,30.9166666667,"No dominant order","Postpositions"
"Luiseño","luis1253","lui",33.3333333333,-117.166666667,"No dominant order","Postpositions"
"Luo","luok1236","luo",-0.5,34.75,"SVO","Prepositions"
"Luvale","luva1239","lue",-12,22,"SVO","Prepositions"
"Maasai","masa1300","mas",-3,36,"VSO","Prepositions"
"Maba","maba1277","mde",13.75,20.8333333333,"SOV","Postpositions"
"Macushi","macu1259","mbc",4,-60,"No dominant order","Postpositions"
"Ma'di","madi1260","mhi",3.25,31.5,"No dominant order","Postpositions"
"Mae","maee1241","mme",-16,167.25,"SVO","Prepositions"
"Magar","east2352","mgp",28,83,"SOV","Postpositions"
"Majang","maja1242","mpe",6.75,35,"VSO","Postpositions"
"Makah","maka1318","myh",48.3333333333,-124.666666667,"VSO","No dominant order"
"Malagasy","plat1254","plt",-20,47,"VOS","Prepositions"
"Mano","mann1248","mev",7,-9,"SOV","Postpositions"
"Maori","maor1246","mri",-40,176,"VSO","Prepositions"
"Mapudungun","mapu1245","arn",-38,-72,"SVO","No dominant order"
"Maricopa","mari1440","mrc",33.1666666667,-113.166666667,"SOV","Postpositions"
"Masa","masa1322","mcn",10.5,15.5,"SVO","Prepositions"
"Maung","maun1240","mph",-11.9166666667,133.5,"SVO","Prepositions"
"Maninka (Western)","west2500","mlq",13,-11,"SOV","Postpositions"
"Maxakalí","maxa1247","mbl",-18,-40,"SOV","Postpositions"
"Mbere","mber1257","mdt",-0.5,14,"SVO","Prepositions"
"Mbum","mbum1254","mdd",7.75,13.1666666667,"SVO","Prepositions"
"Mbara","mbar1260","mpk",11,15.4166666667,"SVO","No dominant order"
"Mbay","mbay1241","myb",8.25,17.5,"SVO","No dominant order"
"Macedonian","mace1250","mkd",41.6666666667,21.75,"SVO","Prepositions"
"Mende","mend1266","men",7.83333333333,-11.5,"SOV","Postpositions"
"Mundang","mund1325","mua",9.66666666667,14.5,"SVO","Prepositions"
"Madngele","madn1237","zml",-13.8333333333,130.416666667,"SOV","Postpositions"
"Mandan","mand1446","mhq",46.5,-102.5,"SOV","Postpositions"
"Mbodomo","gbay1281","gmm",4.5,15.5,"SVO","Prepositions"
"Manadonese","mala1481","xmm",1.5,124.833333333,"SVO","Prepositions"
"Meyah","meya1236","mej",-1.16666666667,133.5,"SVO","Prepositions"
"Mehri","mehr1241","gdq",17,51.5,"No dominant order","Prepositions"
"Mekens","saki1248","skf",-12.5,-61.5,"SOV","Postpositions"
"Menomini","meno1252","mez",45.5,-88.3333333333,"No dominant order","No adpositions"
"Menya","meny1245","mcr",-7.25,146,"SOV","Postpositions"
"Mondunga","ndun1249","ndt",2.25,21.5,"SVO","Prepositions"
"Mangghuer","tuuu1240","mjg",36,102,"SOV","Postpositions"
"Magahi","maga1260","mag",23.5,85.5,"SOV","Postpositions"
"Magi","mail1248","mgu",-10.3333333333,149.333333333,"SOV","Postpositions"
"Mongo","mong1338","lol",0,21,"SVO","Prepositions"
"Musgu","musg1254","mug",10.8333333333,14.9166666667,"SVO","Prepositions"
"Marathi","mara1378","mar",19,76,"SOV","Postpositions"
"Mien","iumi1238","ium",25,111,"SVO","No adpositions"
"Mikir","karb1241","mjw",26.3333333333,93.5,"SOV","Postpositions"
"Minangkabau","mina1268","min",-1,101,"No dominant order","Prepositions"
"Miskito","misk1235","miq",14,-83.6666666667,"SOV","Postpositions"
"Miya","miya1266","mkf",10.9166666667,9.66666666667,"No dominant order","Prepositions"
"Mizo","lush1249","lus",23.1666666667,92.8333333333,"SOV","Postpositions"
"Mauka","maho1249","mxx",8.33333333333,-7.5,"SOV","Postpositions"
"Mandinka (Gambian)","mand1436","mnk",13.4166666667,-16,"SOV","Postpositions"
"Makasae","maka1316","mkz",-8.66666666667,126.5,"SOV","Postpositions"
"Maklew","makl1246","mgf",-7.66666666667,139.416666667,"SOV","Postpositions"
"Maranungku","mara1386","zmr",-13.6666666667,130,"SOV","Postpositions"
"Malgwa","wand1278","mfi",11.5,13.75,"SVO","Prepositions"
"Mlabri (Minor)","mlab1235","mra",18.5,101,"SVO","Prepositions"
"Maleu","male1289","mgl",-5.71666666667,148.416666667,"SVO","Prepositions"
"Mangap-Mbula","mbul1263","mna",-5.66666666667,148.083333333,"SVO","Prepositions"
"Mamanwa","mama1275","mmn",9.41666666667,125.5,"VSO","Prepositions"
"Muna","muna1247","mnb",-5,122.5,"SVO","Prepositions"
"Manchu","manc1252","mnc",49.5,127.5,"SOV","Postpositions"
"Mandarin","mand1415","cmn",34,110,"SVO","No dominant order"
"Manggarai","mang1405","mqy",-8.5,120.333333333,"SVO","Prepositions"
"Manam","mana1295","mva",-4,145,"SOV","Postpositions"
"Mono (in United States)","mono1275","mnr",38,-119,"SOV","Postpositions"
"Mansi","mans1258","mns",62,62,"SOV","Postpositions"
"Minaveha","mina1269","mvn",-9.6,150.466666667,"SOV","Postpositions"
"Mono-Alu","mono1273","mte",-7.05,155.75,"No dominant order","No dominant order"
"Mordvin (Erzya)","erzy1239","myv",53,45.5,"SVO","Postpositions"
"Mofu-Gudur","mofu1248","mif",10.5,14,"SVO","Prepositions"
"Mokilese","moki1238","mkj",6.66666666667,159.75,"SVO","Prepositions"
"Mombum","nucl1452","mso",-8.25,138.75,"SOV","Postpositions"
"Mon","monn1252","mnw",14.8333333333,100.5,"SVO","Prepositions"
"Mooré","moss1236","mos",12.8333333333,-1.25,"SVO","No dominant order"
"Mor","morm1235","mhz",-2.95,135.75,"SVO","Prepositions"
"Moru","moru1253","mgd",4.75,29.75,"No dominant order","Postpositions"
"Murrinh-Patha","murr1258","mwf",-14.6666666667,129.666666667,"SOV","No dominant order"
"Maipure","maip1246","",5.5,-67.5,"SVO","Postpositions"
"Mian","mian1256","mpt",-4.75,141.5,"SOV","Postpositions"
"Momuna","momu1241","mqf",-4.83333333333,139.25,"SOV","Postpositions"
"Mara","mara1385","mec",-15,135.166666667,"No dominant order","Prepositions"
"Marind","nucl1622","mrz",-7.83333333333,140.166666667,"SOV","Postpositions"
"Margi","marg1265","mrt",11,13,"SVO","Prepositions"
"Marrithiyel","mari1424","mfr",-13.8333333333,130,"SOV","Postpositions"
"Murle","murl1244","mur",6.5,33.5,"VSO","No dominant order"
"Moro","moro1285","mor",11,30.1666666667,"SVO","No dominant order"
"Marquesan","sout2866","mrq",-8.91666666667,-140.083333333,"VSO","Prepositions"
"Martuthunira","mart1255","vma",-20.8333333333,116.5,"SVO","No adpositions"
"Maru","maru1249","mhx",23.5,98.5,"SOV","Postpositions"
"Mising","misi1242","mrg",28.5,94.8333333333,"SOV","Postpositions"
"Musom","muso1238","msu",-6.58333333333,147,"SVO","Prepositions"
"Maisin","mais1250","mbq",-9.5,149.166666667,"SOV","Postpositions"
"Massachusett","wamp1249","wam",42.5,-71,"No dominant order","Prepositions"
"Motu","motu1246","meu",-9.33333333333,147,"SOV","Postpositions"
"Makua","makh1264","mgh",-15,38.6666666667,"SVO","Prepositions"
"Mumuye","nucl1240","mzm",9,11.6666666667,"SVO","Prepositions"
"Mundari","mund1320","unr",23,84.6666666667,"SOV","Postpositions"
"Mupun","mwag1236","sur",9.5,8.83333333333,"SVO","Prepositions"
"Mussau","muss1246","emi",-1.45,149.616666667,"SVO","Prepositions"
"Mundurukú","mund1330","myu",-7,-58,"SOV","Postpositions"
"Manobo (Western Bukidnon)","west2555","mbb",7.66666666667,124.75,"VSO","Prepositions"
"Mwera","mwer1248","mwe",-9,39,"SVO","No adpositions"
"Mixtec (Chalcatongo)","sanm1295","mig",17.05,-97.5833333333,"VSO","Prepositions"
"Mixtec (Jicaltepec)","pino1237","mio",16.3333333333,-98,"VSO","Prepositions"
"Mixtec (Ocotepec)","ocot1243","mie",17.1666666667,-97.75,"VSO","Prepositions"
"Mixtec (Peñoles)","peno1244","mil",17.0833333333,-96.9166666667,"VSO","Prepositions"
"Mixtec (Yosondúa)","yoso1239","mpm",16.9166666667,-97.5833333333,"VSO","Prepositions"
"Mayogo","mayo1261","mdm",3,29,"SVO","Prepositions"
"Mangarrayi","mang1381","mpc",-14.6666666667,133.5,"OVS","Prepositions"
"Matsés","mats1244","mcf",-5.41666666667,-73.25,"SOV","Postpositions"
"Mazatec (Huautla)","huau1238","mau",18.25,-96.8333333333,"No dominant order","Prepositions"
"Nabak","naba1256","naf",-6.41666666667,147,"SOV","Postpositions"
"Nadëb","nade1244","mbj",-1,-66.5,"OSV","Postpositions"
"Neo-Aramaic (Arbel Jewish)","lish1245","aij",31.75,35,"SOV","Prepositions"
"Nakanai","naka1262","nak",-5.58333333333,150.583333333,"SVO","Prepositions"
"Nalik","nali1244","nal",-2.95,151.333333333,"SVO","Prepositions"
"Namia","nami1256","nnm",-3.83333333333,141.75,"SOV","Postpositions"
"Nandi","nand1266","kln",0.25,35,"VSO","Prepositions"
"Nasioi","naas1242","nas",-6.33333333333,155.583333333,"SOV","Postpositions"
"Navajo","nava1243","nav",36.1666666667,-108,"SOV","Postpositions"
"Nubian (Dongolese)","kenu1236","kzh",18.25,30.75,"SOV","Postpositions"
"Ngäbere","ngab1239","gym",8.66666666667,-82,"SOV","Postpositions"
"Nicobarese (Car)","carn1240","caq",9,93,"VOS","Prepositions"
"Ncàm","ntch1242","bud",9.33333333333,0.666666666667,"SVO","No dominant order"
"Ngbandi","nort2774","nbw",3.75,22,"SVO","Prepositions"
"Ndjébbana","djee1236","djj",-12.1666666667,134.116666667,"No dominant order","Postpositions"
"Ndonga","ndon1254","ndo",-18,17,"SVO","Prepositions"
"Ndut","ndut1239","ndv",14.9166666667,-16.9166666667,"SVO","Prepositions"
"Ndumu","ndum1239","nmd",-1.66666666667,13.5833333333,"SVO","Prepositions"
"Ndyuka","ndyu1242","djk",4.5,-54.5,"SVO","Prepositions"
"Nehan","neha1247","nsn",-4.5,154.2,"SVO","Prepositions"
"Nenets","nene1249","yrk",69,72,"SOV","Postpositions"
"Nevome","toho1245","ood",31,-112.5,"SOV","Postpositions"
"Newari (Kathmandu)","newa1246","new",27.6666666667,85.5,"SOV","Postpositions"
"Ngbaka (Minagende)","ngba1285","nga",3.5,20,"SVO","Prepositions"
"Ngad'a","ngad1261","nxg",-8.83333333333,121,"SVO","Prepositions"
"Ngan'gityemerri","nang1259","nam",-14.25,130.416666667,"No dominant order","Postpositions"
"Ngalakan","ngal1293","nig",-14.25,134,"No dominant order","No adpositions"
"Ngambay","ngam1268","sba",8.66666666667,16,"SVO","Prepositions"
"Ngoni","ngon1269","ngo",-11,36,"SVO","Prepositions"
"Nguna","nort2836","llp",-16.9166666667,168.5,"SVO","Prepositions"
"Ngizim","ngiz1242","ngi",12.0833333333,10.9166666667,"SVO","Prepositions"
"Nahuatl (Huasteca)","huas1257","nhw",22,-99,"VSO","Prepositions"
"Nahuatl (Michoacán)","mich1245","ncl",18.5,-103,"SVO","Prepositions"
"Nahuatl (Tetelcingo)","tete1251","nhg",19.6666666667,-99,"SVO","Prepositions"
"Nias","nias1242","nia",1,97.75,"VOS","Prepositions"
"Niuafo'ou","niua1240","num",-15.5666666667,-175.616666667,"VSO","Prepositions"
"Niuean","niue1239","niu",-19.05,-170.116666667,"VSO","Prepositions"
"Nkonya","nkon1245","nko",7.16666666667,0.25,"SVO","Postpositions"
"Nkore-Kiga","chig1238","cgg",-0.916666666667,29.8333333333,"SVO","Prepositions"
"Nancowry","cent1990","ncb",8.05,93.5,"No dominant order","Prepositions"
"Nend","nend1239","anh",-5,144.916666667,"SOV","Postpositions"
"Nankina","nank1250","nnk",-5.78333333333,146.45,"SOV","Postpositions"
"Nocte","noct1238","njb",27,95.5,"SOV","Postpositions"
"Noni","noon1243","nhu",6.41666666667,10.5833333333,"SVO","No dominant order"
"Noon","noon1242","snf",14.8333333333,-16.8333333333,"SVO","Prepositions"
"Nsenga","nsen1242","nse",-14.5,30.8333333333,"SVO","Prepositions"
"Nisgha","nisg1240","ncg",55,-130,"VSO","Prepositions"
"Ngiti","ngit1239","niy",1.33333333333,30.25,"No dominant order","Postpositions"
"Ngaanyatjarra","ngaa1240","ntj",-26,126.5,"SOV","Postpositions"
"Nuaulu","nuau1240","nni",-3.25,129.166666667,"SVO","Prepositions"
"Nuer","nuer1246","nus",8.33333333333,32,"No dominant order","Prepositions"
"Nunggubuyu","nung1290","nuy",-13.75,135.666666667,"No dominant order","No adpositions"
"Nung (in Vietnam)","nung1283","nut",21.9166666667,106.416666667,"SVO","Prepositions"
"Nupe","nupe1254","nup",9.16666666667,5.41666666667,"SVO","Prepositions"
"Nyimang","amas1236","nyi",12.1666666667,29.3333333333,"SOV","Postpositions"
"Nzakara","nzak1247","nzk",5,23,"SVO","Prepositions"
"Ogbronuagum","ogbr1243","ogu",4.75,6.86666666667,"SVO","Prepositions"
"Obolo","obol1243","ann",4.58333333333,7.83333333333,"SVO","Prepositions"
"Ocuilteco","atzi1235","ocu",18.9166666667,-99.6666666667,"SVO","Prepositions"
"Ojibwa (Eastern)","east2542","ojg",46,-80,"No dominant order","No adpositions"
"Oksapmin","oksa1245","opm",-5.16666666667,142.166666667,"SOV","Postpositions"
"Olo","oloo1241","ong",-3.41666666667,142,"SVO","Prepositions"
"Oneida","onei1249","one",43,-75.6666666667,"No dominant order","No adpositions"
"Emai","emai1241","ema",7.08333333333,5.91666666667,"SVO","Prepositions"
"Oromo (Harar)","east2652","hae",9,42,"SOV","Postpositions"
"Orokaiva","orok1269","okv",-8.83333333333,148.25,"SOV","Postpositions"
"Oromo (Waata)","waat1238","ssn",-3.33333333333,39.8333333333,"SOV","Postpositions"
"Orya","orya1242","ury",-2.75,139.833333333,"SOV","Postpositions"
"Osage","osag1243","osa",37,-94,"SOV","Postpositions"
"Ossetic","osse1243","oss",43,44,"SOV","Postpositions"
"Otomí (Mezquital)","mezq1235","ote",20.1666666667,-99.1666666667,"VOS","Prepositions"
"Owininga","owin1240","owi",-4.5,141.75,"SOV","Postpositions"
"Pa'a","paaa1242","pqa",11,9.25,"SVO","Prepositions"
"Paiwan","paiw1248","pwn",22.5,120.833333333,"No dominant order","Prepositions"
"Palauan","pala1344","pau",7.5,134.583333333,"SVO","Prepositions"
"Panjabi","panj1256","pan",31,74,"SOV","Postpositions"
"Päri","pari1256","lkr",5,32.5,"OVS","Prepositions"
"Patep","pate1247","ptp",-6.91666666667,146.583333333,"SVO","Prepositions"
"Paumarí","paum1247","pad",-6,-64,"SVO","Postpositions"
"Folopa","folo1238","ppo",-7,144.5,"SOV","Postpositions"
"Pero","pero1241","pip",9.58333333333,11,"SVO","Prepositions"
"Pilagá","pila1245","plg",-25,-60,"SVO","No adpositions"
"Pipil","pipi1250","ppl",13.8333333333,-89.5833333333,"No dominant order","Prepositions"
"Pisa","asue1235","psa",-5.16666666667,139.166666667,"SOV","Postpositions"
"Pokot","poko1263","pko",1.5,35.5,"VSO","Prepositions"
"Palaung","nucl1291","rbb",22.6666666667,96.6666666667,"SVO","Prepositions"
"Paulohi","paul1238","plh",-3.25,128.75,"SVO","Prepositions"
"Palikur","pali1279","plu",3,-51,"SVO","Prepositions"
"Paamese","paam1238","pma",-16.5,168.25,"SVO","Prepositions"
"Pangwa","pang1287","pbr",-10,34.75,"SVO","Prepositions"
"Pangasinan","pang1290","pag",15.9166666667,120.333333333,"VSO","Prepositions"
"Paiute (Northern)","nort2954","pao",42,-118,"SOV","No dominant order"
"Bunu (Younuo)","youn1235","buh",24,107,"SVO","No adpositions"
"Panará","pana1307","kre",-10,-55,"No dominant order","Postpositions"
"Podoko","park1239","pbi",11,14.0833333333,"VSO","Prepositions"
"Pogoro","pogo1243","poy",-8.75,36.5,"SVO","Prepositions"
"Pohnpeian","pohn1238","pon",6.88333333333,158.25,"SVO","Prepositions"
"Poko-Rawo","rawo1244","rwa",-2.83333333333,141.583333333,"No dominant order","No dominant order"
"Polish","poli1260","pol",52,20,"SVO","Prepositions"
"Portuguese","port1283","por",39,-8,"SVO","Prepositions"
"Prasuni","pras1239","prn",35.5,71,"SOV","Postpositions"
"Pare","asut1235","asa",-4,36.5,"SVO","Prepositions"
"Purki","puri1258","prx",34.6666666667,76,"SOV","Postpositions"
"Persian","west2369","pes",32,54,"SOV","Prepositions"
"Pashto","cent1973","pst",33,67,"SOV","Postpositions"
"Passamaquoddy-Maliseet","male1292","pqm",45,-67,"No dominant order","Prepositions"
"Pomo (Southeastern)","sout2982","pom",39,-122.5,"SOV","Postpositions"
"Port Sandwich","port1285","psw",-16.5,167.75,"SVO","Prepositions"
"Pattani","patt1248","lae",32.75,76.75,"SOV","Postpositions"
"Patwin","wint1259","wit",39,-122.333333333,"No dominant order","Postpositions"
"Puluwat","pulu1242","puw",7.33333333333,149.333333333,"SVO","Prepositions"
"Pumi","pumi1242","pmi",28,101,"SOV","Postpositions"
"Purépecha","pure1242","tsz",19.5,-101.666666667,"SVO","No dominant order"
"Qafar","afar1241","aar",12,42,"SOV","Postpositions"
"Quechua (Huallaga)","huam1248","qvh",-9.5,-75.5,"SOV","Postpositions"
"Quechua (Imbabura)","imba1240","qvi",0.333333333333,-78,"SOV","Postpositions"
"Sipakapense","sipa1247","qum",15.25,-91.75,"VSO","Prepositions"
"Raga","hano1246","lml",-15.5,168.166666667,"SVO","Prepositions"
"Rama","rama1270","rma",11.75,-83.75,"SOV","Postpositions"
"Rapanui","rapa1244","rap",-27.1166666667,-109.366666667,"VSO","Prepositions"
"Rawang","rawa1265","raw",27.5,97.5,"SOV","Postpositions"
"Resígaro","resi1247","rgr",-2.41666666667,-71.5,"SOV","Postpositions"
"Retuarã","tani1257","tnc",-0.5,-70.6666666667,"SOV","Postpositions"
"Ronga","rong1268","rng",-26,32.5,"SVO","Prepositions"
"Rikbaktsa","rikb1245","rkb",-11.8333333333,-57.5,"SOV","Postpositions"
"Runyankore","nyan1307","nyn",-0.5,30.5,"SVO","Prepositions"
"Romanian","roma1327","ron",46,25,"SVO","Prepositions"
"Rotuman","rotu1241","rtm",-12.5,177.066666667,"SVO","Prepositions"
"Rukai (Tanan)","ruka1240","dru",22.8333333333,120.833333333,"No dominant order","Prepositions"
"Rumu","rumu1243","klq",-7.16666666667,144.25,"SOV","Postpositions"
"Runga","rung1258","rou",10.3333333333,21,"SOV","Postpositions"
"Russian","russ1263","rus",56,38,"SVO","Prepositions"
"Rutul","rutu1240","rut",41.5,47.4166666667,"SOV","Postpositions"
"Romani (Welsh)","wels1246","rmw",52,-4,"No dominant order","Prepositions"
"Sahu","sahu1245","saj",1.16666666667,127.5,"SVO","Prepositions"
"Sakao","saka1289","sku",-15.1666666667,167.083333333,"SVO","Prepositions"
"Samoan","samo1305","smo",-13.9166666667,-171.833333333,"No dominant order","Prepositions"
"Sango","sang1328","sag",5,18,"SVO","Prepositions"
"Sare","kapr1245","dju",-4.5,143.166666667,"SOV","Postpositions"
"Savi","savi1242","sdg",35,71.5,"SOV","Postpositions"
"Serbian-Croatian","sout1528","bos",44,19,"SVO","Prepositions"
"Sebei","kups1238","kpz",1.33333333333,34.5833333333,"VSO","Prepositions"
"Sedang","seda1262","sed",14.8333333333,108,"SVO","Prepositions"
"Selknam","onaa1245","ona",-53,-70,"OVS","Postpositions"
"Sesotho","sout2807","sot",-28,27,"SVO","Prepositions"
"Sougb","mani1235","mnx",-1.5,134,"SVO","Prepositions"
"Sengele","seng1278","szg",-1.83333333333,17.3333333333,"SVO","Prepositions"
"Sherpa","sher1255","xsr",27.75,86.8333333333,"SOV","Postpositions"
"Sharanahua","shar1245","mcd",-11,-70,"SOV","Postpositions"
"Shiriana","nina1238","shb",3.5,-62.8333333333,"SOV","Postpositions"
"Shipibo-Konibo","ship1254","shp",-7.5,-75,"SOV","Postpositions"
"Shilluk","shil1265","shk",9.66666666667,31.75,"SVO","Prepositions"
"Shona","shon1251","sna",-18,31,"SVO","Prepositions"
"Shuswap","shus1248","shs",52,-120,"No dominant order","Prepositions"
"Sidaama","sida1246","sid",6.66666666667,38.5,"SOV","Postpositions"
"Sio","sioo1240","xsi",-5.95,147.333333333,"SVO","Prepositions"
"Siar","siar1238","sjr",-4.66666666667,152.916666667,"SVO","Prepositions"
"Sisiqa","baba1268","baa",-7,156.833333333,"SVO","Prepositions"
"Sikuani","guah1255","guh",6.25,-71.5,"SOV","Postpositions"
"Skou","nucl1634","skv",-2.66666666667,140.916666667,"SOV","Postpositions"
"Shekhawati","shek1243","swv",28,75.5,"SOV","Postpositions"
"Slave","slav1253","scs",67,-125,"SOV","Postpositions"
"Saliba (in Papua New Guinea)","sali1295","sbe",-10.5833333333,150.716666667,"SOV","Postpositions"
"Samba Leko","samb1305","ndi",8.5,12.5,"SVO","Postpositions"
"Slovene","slov1268","slv",46,15,"SVO","Prepositions"
"Seme","siam1242","sif",11,-4.91666666667,"SOV","Postpositions"
"Semelai","seme1247","sza",3,103,"No dominant order","Prepositions"
"Seminole","cree1270","mus",33,-84,"SOV","Postpositions"
"Shina","shin1264","scl",36,74,"SOV","Postpositions"
"Sinaugoro","sina1266","snc",-9.83333333333,147.833333333,"SOV","Postpositions"
"Sinhala","sinh1246","sin",7,80.5,"SOV","Postpositions"
"Sanuma","sanu1240","xsu",4.5,-64.6666666667,"SOV","Postpositions"
"Saami (Northern)","nort2671","sme",69,24,"SVO","Postpositions"
"Sentani","nucl1632","set",-2.58333333333,140.583333333,"SOV","Postpositions"
"So","sooo1256","teu",2.58333333333,34.75,"VSO","Prepositions"
"Sobei","sobe1238","sob",-1.91666666667,138.75,"SVO","Prepositions"
"Soddo","kist1241","gru",8.5,38.5,"SOV","No dominant order"
"Somali","soma1255","som",3,45,"SOV","No dominant order"
"Sonsorol-Tobi","sons1242","sov",5.33333333333,132.25,"SVO","Prepositions"
"Spanish","stan1288","spa",40,-4,"SVO","Prepositions"
"Squamish","squa1248","squ",49.6666666667,-123.166666667,"VSO","Prepositions"
"Sorbian","sorb1249","dsb",51.5,14,"SOV","Prepositions"
"Sarcee","sars1236","srs",52.5,-116,"SOV","Postpositions"
"Sre","koho1244","kpm",11.5,108,"SVO","Prepositions"
"Sirionó","siri1273","srq",-15.5833333333,-64,"SOV","Postpositions"
"Siroi","siro1249","ssd",-5.5,146,"SOV","Postpositions"
"Santa","dong1285","sce",31.5,107.5,"SOV","Postpositions"
"Stieng","stie1250","stt",11.8333333333,106.75,"SVO","Prepositions"
"Santali","sant1410","sat",24.5,87,"SOV","Postpositions"
"Suena","suen1241","sue",-7.75,147.55,"SOV","Postpositions"
"Sundanese","sund1252","sun",-7,107,"SVO","Prepositions"
"Supyire","supy1237","spp",11.5,-5.58333333333,"SOV","Postpositions"
"Susu","susu1250","sus",10,-13,"SOV","Postpositions"
"Swahili","swah1253","swh",-6.5,39,"SVO","Prepositions"
"Swedish","swed1254","swe",60,15,"SVO","Prepositions"
"Salt-Yui","salt1242","sll",-6.28333333333,145.033333333,"SOV","Postpositions"
"Taba","east2440","mky",0,127.5,"SVO","Prepositions"
"Tacana","taca1256","tna",-13.5,-68,"No dominant order","Postpositions"
"Tahitian","tahi1242","tah",-17.6666666667,-149.583333333,"VSO","Prepositions"
"Tajik","taji1245","tgk",38.6666666667,70,"SOV","Prepositions"
"Takia","taki1248","tbc",-4.66666666667,146,"SOV","Postpositions"
"Talinga","tali1258","tlj",0.416666666667,29.6666666667,"SVO","Prepositions"
"Tamang (Eastern)","east2347","tge",27.5,85.6666666667,"SOV","Postpositions"
"Tariana","tari1256","tae",1,-69.1666666667,"SOV","Postpositions"
"Tauya","tauy1241","tya",-5.75,145.333333333,"SOV","Postpositions"
"Tawala","tawa1275","tbo",-10.3333333333,150.666666667,"SOV","No dominant order"
"Tabla","tabl1243","tnm",-2.45,140.416666667,"SOV","Postpositions"
"Tboli","tbol1240","tbl",6.16666666667,124.5,"VSO","Prepositions"
"Tobati","toba1266","tti",-2.58333333333,140.666666667,"OSV","Postpositions"
"Tubu","tebu1238","tuq",16,15,"SOV","Postpositions"
"Tabwa","taab1238","tap",-8,29.5,"SVO","Prepositions"
"Tarahumara (Central)","cent2131","tar",27.5,-107.5,"SOV","Postpositions"
"Tepehua (Huehuetla)","hueh1236","tee",20.5,-98,"No dominant order","Prepositions"
"Telugu","telu1262","tel",16,79,"SOV","Postpositions"
"Tennet","tenn1246","tex",4.41666666667,32.5,"VSO","No dominant order"
"Teop","teop1238","tio",-5.66666666667,155,"SVO","Prepositions"
"Tepehua (Tlachichilco)","tlac1235","tpt",20.5833333333,-98.25,"SVO","Prepositions"
"Tera","tera1251","ttr",11,11.8333333333,"SVO","Prepositions"
"Teso","teso1249","teo",1.83333333333,33.8333333333,"VSO","Prepositions"
"Tetela","tete1250","tll",-4,24,"SVO","Prepositions"
"Tigak","tiga1245","tgc",-2.71666666667,150.8,"SVO","Prepositions"
"Tshangla","tsha1245","tsj",27.8333333333,92.1666666667,"SOV","Postpositions"
"Tigré","tigr1270","tig",16.5,38.5,"SOV","Prepositions"
"Thai","thai1261","tha",16,101,"SVO","Prepositions"
"Thangmi","than1259","thf",27.75,86,"SOV","Postpositions"
"Thompson","thom1243","thp",49.75,-121.75,"No dominant order","Prepositions"
"Thulung","thul1246","tdh",27.4166666667,86.5,"SOV","Postpositions"
"Kuuk Thaayorre","thay1249","thd",-14.5833333333,141.833333333,"SOV","Inpositions"
"Tidore","tido1248","tvo",0.75,127.5,"SVO","Prepositions"
"Tigrinya","tigr1271","tir",14.5,38.5,"SOV","Prepositions"
"Timugon","timu1262","tih",5,116,"VSO","Prepositions"
"Tinrin","tiri1258","cir",-21.6666666667,165.75,"No dominant order","Prepositions"
"Tiriyo","trio1238","tri",3.25,-55.75,"OVS","Postpositions"
"Tiv","tivv1240","tiv",7.5,9,"SVO","Prepositions"
"Turkmen","turk1304","tuk",40,58,"SOV","Postpositions"
"Tolai","kuan1248","ksd",-4.25,152.083333333,"SVO","Prepositions"
"Telefol","tele1256","tlf",-5,141.75,"SOV","Postpositions"
"Tlingit","tlin1245","tli",59,-135,"SOV","Postpositions"
"Tobelo","tobe1252","tlb",1.5,128.5,"SOV","Prepositions"
"Tlapanec","acat1239","tcf",17.0833333333,-99,"VSO","Prepositions"
"Tamil","tami1289","tam",11,78.5,"SOV","Postpositions"
"Tibetan (Modern Literary)","tibe1272","bod",29.8333333333,91.5,"SOV","Postpositions"
"Temiar","temi1246","tea",5,101.5,"SVO","Prepositions"
"Turkana","turk1308","tuv",3,35.5,"VSO","Prepositions"
"Temne","timn1235","tem",8.66666666667,-13.0833333333,"SVO","Prepositions"
"Tongan","tong1325","ton",-21.1666666667,-175.166666667,"No dominant order","Prepositions"
"Tungak","tung1290","lcm",-2.55,150.25,"SVO","Prepositions"
"Tondano","tond1251","tdn",1.25,125,"No dominant order","Prepositions"
"Tepehuan (Northern)","nort2959","ntp",26.3333333333,-107,"VSO","Postpositions"
"Tupuri","tupu1244","tui",10.1666666667,14.75,"SVO","Prepositions"
"Tapieté","tapi1253","tpj",-19.75,-61.6666666667,"SOV","Prepositions"
"Teribe","teri1250","tfr",9.33333333333,-82.6666666667,"SOV","Postpositions"
"Trique (Copala)","copa1237","trc",17.1666666667,-97.9166666667,"VSO","Prepositions"
"Torwali","torw1241","trw",34.25,72,"SOV","Postpositions"
"Tsafiki","colo1256","cof",-1,-79.3333333333,"SOV","Postpositions"
"Tümpisa Shoshone","pana1305","par",37,-117,"SOV","Inpositions"
"Tsimshian (Coast)","nucl1649","tsi",52.5,-129,"VSO","Prepositions"
"Tamashek","tama1365","taq",20,-2,"VSO","Prepositions"
"Tsez","dido1241","ddo",42.25,45.75,"SOV","Postpositions"
"Tetun Dili","tetu1245","tet",-8.58333333333,125.583333333,"SVO","Prepositions"
"Tutelo","tute1247","tta",37.6666666667,-78.75,"SOV","Postpositions"
"Tsova-Tush","bats1242","bbl",42.5,45.5,"SOV","Postpositions"
"Tukang Besi","tuka1247","bhq",-5.5,123.5,"VOS","Prepositions"
"Tulu","tulu1258","tcy",12.75,75.3333333333,"SOV","Postpositions"
"Turkish","nucl1301","tur",39,35,"SOV","Postpositions"
"Tuvan","tuvi1240","tyv",52,95,"SOV","Postpositions"
"Tuyuca","tuyu1244","tue",0.5,-70.0833333333,"SOV","Postpositions"
"Tuvaluan","tuva1244","tvl",-8.5,179.166666667,"OVS","Prepositions"
"Tatar","tata1255","tat",56,49.5,"SOV","Postpositions"
"Tarahumara (Western)","lowl1265","tac",27.5,-108,"SOV","No dominant order"
"Totonac (Xicotepec de Juárez)","xico1235","too",20.4166666667,-97.8333333333,"SVO","Prepositions"
"Tzutujil","cakc1244","tzt",14.6666666667,-91.3333333333,"No dominant order","Prepositions"
"Ubykh","ubyk1235","uby",43.6666666667,39.6666666667,"SOV","Postpositions"
"Udihe","udih1248","ude",47.6666666667,136.25,"SOV","Postpositions"
"Udmurt","udmu1245","udm",57.5,52.5,"SOV","Postpositions"
"Ukrainian","ukra1253","ukr",49,33,"SVO","Prepositions"
"Uldeme","wuzl1236","udl",10.95,14.1166666667,"SVO","Prepositions"
"Ulithian","ulit1238","uli",9.91666666667,139.583333333,"SVO","Prepositions"
"Una","unaa1239","mtg",-4.66666666667,140,"SOV","Postpositions"
"Ungarinjin","ngar1284","ung",-16.3333333333,126,"OVS","Postpositions"
"Urdu","urdu1245","urd",25,67,"SOV","Postpositions"
"Urubú-Kaapor","urub1250","urb",-2.33333333333,-46.5,"SOV","Postpositions"
"Urak Lawoi'","urak1238","urk",8,98.3333333333,"SVO","Prepositions"
"Usan","usan1239","wnu",-4.83333333333,145.166666667,"SOV","Postpositions"
"Vai","vaii1241","vai",6.91666666667,-11.25,"SOV","Postpositions"
"Vietnamese","viet1252","vie",10.5,106.5,"SVO","Prepositions"
"Vinmavis","vinm1237","vnm",-16.1666666667,167.416666667,"SVO","Prepositions"
"Wahgi","wahg1249","whg",-5.83333333333,144.716666667,"SOV","Postpositions"
"Wai Wai","waiw1244","waw",1,-59,"No dominant order","Postpositions"
"Wakhi","wakh1245","wbl",36.5,72,"SOV","No dominant order"
"Walman","valm1241","van",-3.21666666667,142.5,"SVO","Postpositions"
"Wari'","wari1268","pav",-11.3333333333,-65,"VOS","Prepositions"
"Wayampi","waya1270","oym",1,-52,"SOV","Postpositions"
"Wambon","wamb1259","wms",-5.5,140.416666667,"SOV","Postpositions"
"Wichí","wich1264","mzh",-22.5,-62.5833333333,"SVO","Prepositions"
"Wedau","weda1241","wed",-10.1666666667,150.166666667,"SOV","No dominant order"
"Welsh","wels1247","cym",52,-3,"VSO","Prepositions"
"Wichita","wich1260","wic",33.3333333333,-97.3333333333,"No dominant order","No adpositions"
"Wiyot","wiyo1248","wiy",40.8333333333,-124.166666667,"No dominant order","No dominant order"
"Wolof","nucl1347","wol",15.25,-16,"SVO","Prepositions"
"Wolio","woli1241","wlo",-5.5,122.75,"VSO","Prepositions"
"West Makian","west2600","mqs",0.5,127.583333333,"SVO","Prepositions"
"Wambule","wamb1257","wme",29.25,85.9166666667,"SOV","Postpositions"
"Wan","wann1242","wan",7.83333333333,-5.86666666667,"SOV","Postpositions"
"Woleaian","wole1240","woe",7.33333333333,143.833333333,"SVO","Prepositions"
"Wardaman","ward1246","wrr",-15.5,131,"No dominant order","Postpositions"
"Warekena","guar1293","gae",1.5,-67.5,"SVO","Prepositions"
"Warembori","ware1253","wsa",-1.66666666667,137.583333333,"SVO","Prepositions"
"Warrwa","warr1258","wwr",-17.5,123.5,"No dominant order","Inpositions"
"Waray (in Australia)","wara1290","wrz",-13.1666666667,131.25,"SVO","Postpositions"
"Waskia","wask1241","wsk",-4.5,146,"SOV","Postpositions"
"Xârâcùù","xara1244","ane",-21.6666666667,166,"SVO","Prepositions"
"Xasonga","xaas1235","kao",14.25,-10.5,"SOV","Postpositions"
"Kombio","komb1272","xbi",-3.5,142.75,"SVO","Prepositions"
"Xhosa","xhos1239","xho",-32,27,"SVO","Prepositions"
"Kanashi","kana1283","xns",32.0833333333,77.25,"SOV","Postpositions"
"Yagua","yagu1244","yad",-3.5,-72,"No dominant order","Postpositions"
"Yale (Kosarek)","kosa1249","kkl",-4.08333333333,139.5,"SOV","Postpositions"
"Yapese","yape1248","yap",9.58333333333,138.166666667,"VSO","Prepositions"
"Yaqui","yaqu1251","yaq",27.5,-110.25,"SOV","Postpositions"
"Yareba","yare1248","yrb",-9.5,148.5,"SOV","Postpositions"
"Yucuna","yucu1253","ycn",-0.75,-71,"SVO","Postpositions"
"Yei","yeii1239","jei",-7.91666666667,140.916666667,"SOV","Postpositions"
"Yi","sich1238","iii",24,104,"SOV","Postpositions"
"Yidiny","yidi1250","yii",-17,145.75,"SOV","No adpositions"
"Yindjibarndi","yind1247","yij",-21.75,117.916666667,"SVO","No dominant order"
"Yukaghir (Kolyma)","sout2750","yux",65.75,150.833333333,"SOV","Postpositions"
"Yakut","yaku1245","sah",62,130,"SOV","Postpositions"
"Yelmek","yelm1242","jel",-7.66666666667,139.166666667,"SOV","Postpositions"
"Yokuts (Yaudanchi)","yoku1256","yok",36.0833333333,-119.083333333,"No dominant order","Prepositions"
"Yoruba","yoru1245","yor",8,4.33333333333,"SVO","Prepositions"
"Yaqay","yaqa1246","jaq",-6.58333333333,139.25,"SOV","Postpositions"
"Yukaghir (Tundra)","nort2745","ykg",69,155,"SOV","Postpositions"
"Yulu","yulu1243","yul",8.5,25.25,"SVO","Prepositions"
"Yurok","yuro1248","yur",41.3333333333,-124,"No dominant order","No dominant order"
"Yuwaalaraay","gami1243","kld",-29.5,148,"SOV","No adpositions"
"Yawuru","yawu1244","ywr",-18,122.5,"No dominant order","Inpositions"
"Beria","zagh1240","zag",16,23,"SOV","Postpositions"
"Zapotec (Isthmus)","isth1244","zai",16.416667,-95,"VSO","Prepositions"
"Zande","zand1248","zne",4,26,"SVO","Prepositions"
"Zapotec (Mitla)","mitl1236","zaw",16.8,-96.25,"VSO","Prepositions"
"Zarma","zarm1239","dje",13.8333333333,2.16666666667,"No dominant order","Postpositions"
"Zazaki","diml1238","diq",39,41,"SOV","Postpositions"
"Zoque (Chimalapa)","chim1300","zoh",16.75,-94.75,"SVO","Postpositions"
"Zhuang (Northern)","guib1245","zgb",24,108,"SVO","Prepositions"
"Zoque (Copainalá)","copa1236","zoc",17,-93.25,"VOS","No adpositions"
"Zoque (Soteapan)","high1276","poi",18.3333333333,-95.1666666667,"SVO","Prepositions"
"Zulu","zulu1248","zul",-30,30,"SVO","Prepositions"
