"Society","Latitude","Agriculture"
"Ababda",24,"2"
"Abarambo",4,"3"
"Abelam",4,"4"
"Abipon",-29,"1"
"Abkhaz",43,"5"
"Abnaki",46,"0"
"Abor",28,"3"
"Abron",5,"3"
"Acholi",3,"3"
"Achomawi",41,"1"
"Acoma",35,"5"
"Adangme",6,"3"
"Afar",12,"2"
"Afghans",33,"6"
"Afikpo",6,"5"
"Afo",8,"3"
"Agaiduka",44,"1"
"Aimol",25,"3"
"Ainu",44,"3"
"Ajie",-22,"6"
"Akha",21,"3"
"Akyem",7,"3"
"Alacaluf",-52,"1"
"Alagya",5,"0"
"Aleut",54,"1"
"Algerians",31,"6"
"Alkatcho",53,"1"
"Alorese",-8,"3"
"Alsea",44,"1"
"Alur",2,"3"
"Amahuaca",-10,"3"
"Amarar",20,"2"
"Amba",1,"3"
"Ambo",-17,"3"
"Ambonese",-4,"3"
"Amhara",13,"5"
"Ami",22,"6"
"Anaguta",10,"3"
"Ancient Egypt",30,"6"
"Anfillo",9,"3"
"Angami",26,"6"
"Angas",9,"5"
"Annamese",17,"6"
"Antaisaka",-23,"5"
"Antandroy",-25,"3"
"Antarianunts",37,"1"
"Antessar",18,"6"
"Anuak",8,"5"
"Anyi",7,"3"
"Ao",27,"3"
"Apinaye",-6,"3"
"Arapaho",40,"1"
"Arapesh",-4,"4"
"Arbore",5,"3"
"Arikara",46,"5"
"Armenians",40,"5"
"Arusi",8,"3"
"Aryans",30,"0"
"Asben",18,"6"
"Ashanti",7,"3"
"Assini",5,"3"
"Atayal",24,"3"
"Atsakudokwa",42,"1"
"Atsugewi",41,"1"
"Attie",6,"3"
"Aua",-2,"4"
"Aueto",-12,"0"
"Aulliminden",8,"0"
"Avikam",5,"3"
"Aweikoma",-28,"1"
"Awuna",11,"3"
"Aymara",-16,"3"
"Azande",5,"3"
"Azjer",25,"6"
"Aztec",19,"6"
"Babwa",3,"3"
"Babylonians",32,"6"
"Bacairi",-14,"3"
"Bachama",10,"5"
"Baditu",6,"5"
"Badjau Tawi-Tawi",5,"4"
"Bafia",5,"3"
"Baga",10,"3"
"Bagirmi",11,"3"
"Baiga",22,"3"
"Bajun",-2,"3"
"Bakhtiari",33,"6"
"Bako",6,"5"
"Bakovi",-5,"0"
"Bakwe",5,"3"
"Balante",12,"3"
"Bali",6,"0"
"Balinese",-8,"6"
"Bambara",13,"5"
"Bamileke",5,"3"
"Bamum",6,"3"
"Banaro",-4,"4"
"Banda",7,"3"
"Banen",5,"3"
"Banna",6,"3"
"Bannock",43,"1"
"Banyang",6,"3"
"Banyune",12,"3"
"Barabish",20,"2"
"Barabra",23,"6"
"Barama Carib",5,"3"
"Barea",16,"3"
"Bari",5,"3"
"Basa",8,"3"
"Basakomo",8,"3"
"Basari",9,"5"
"Bashi",-2,"0"
"Bashkir",54,"5"
"Basketo",6,"5"
"Basques",43,"5"
"Bassari",12,"3"
"Basseri",30,"2"
"Bata",10,"5"
"Batak",2,"6"
"Baule",8,"3"
"Baya",6,"3"
"Beatty",37,"1"
"Beaver",58,"1"
"Bellabella",52,"1"
"Bellacoola",52,"1"
"Belu",-9,"3"
"Bemba",-11,"3"
"Bena",-9,"6"
"Bende",-7,"3"
"Bengali",23,"6"
"Beni Amer",18,"2"
"Beraber",33,"5"
"Bergdama",-22,"0"
"Besermyan",58,"5"
"Bete",6,"3"
"Betsileo",-22,"0"
"Bgu",-2,"0"
"Bhil",22,"5"
"Biafada",12,"3"
"Bihari",25,"0"
"Bijogo",11,"3"
"Bikinians",12,"4"
"Bilaan",6,"0"
"Bira",1,"3"
"Birifor",10,"3"
"Birom",10,"3"
"Bisa",12,"3"
"Bisayan",10,"0"
"Bisharin",20,"6"
"Black Carib",16,"4"
"Blackfoot",51,"1"
"Blood",51,"1"
"Bobo",13,"3"
"Bodi",5,"3"
"Boers",-16,"5"
"Bogo",16,"2"
"Bohogue",43,"1"
"Boki",6,"3"
"Bolewa",11,"3"
"Bombesa",1,"3"
"Bomvana",-32,"0"
"Bongo",7,"3"
"Bontok",17,"6"
"Bororo",-16,"1"
"Bororo Fulani",13,"3"
"Borrom",10,"5"
"Botocudo",-18,"1"
"Bozo",14,"6"
"Brazilians",-43,"5"
"Bribri",9,"3"
"Bubi",4,"3"
"Budja",3,"0"
"Budu",2,"3"
"Buduma",13,"3"
"Buem",3,"3"
"Builsa",11,"3"
"Bulgarians",43,"5"
"Bunda",-5,"3"
"Bungi",51,"1"
"Bunlap",-16,"4"
"Bunun",24,"3"
"Bura",10,"5"
"Burji",5,"5"
"Burmese",20,"6"
"Burusho",37,"6"
"Buryat",52,"0"
"Busama",-7,"4"
"Buye",-7,"3"
"Bwaidoga",-9,"0"
"Bwaka",3,"3"
"Byelorussians",55,"5"
"Caddo",33,"3"
"Caduveo",-22,"3"
"Cagaba",11,"3"
"Cahuilla",33,"1"
"Cakchiquel",14,"0"
"Callinago",15,"5"
"Camaracoto",6,"3"
"Camayura",-12,"3"
"Camba",-18,"0"
"Cambodians",12,"6"
"Campa",-8,"3"
"Cantonese",23,"0"
"Caraja",-12,"3"
"Carinya",9,"3"
"Carolinians",15,"4"
"Carrier",54,"1"
"Catawba",35,"5"
"Cayapa",1,"4"
"Cayua",-26,"3"
"Chaambra",32,"6"
"Chacobo",-12,"3"
"Chagga",-3,"6"
"Chahar",41,"2"
"Chakma",23,"3"
"Cham",11,"6"
"Chamacoco",-20,"2"
"Chamba",8,"3"
"Chamorro",15,"3"
"Chawai",10,"3"
"Chechen",43,"5"
"Chekiang",31,"6"
"Chemehuevi",35,"6"
"Chenchu",16,"2"
"Cheremis",43,"5"
"Cherkess",44,"5"
"Cherokee",36,"3"
"Chewa",-14,"3"
"Cheyenne",39,"2"
"Chibcha",5,"6"
"Chichimec",22,"1"
"Chickasaw",35,"0"
"Chiga",-3,"3"
"Chilcotin",52,"1"
"Chimariko",41,"1"
"Chin",22,"3"
"Chinantec",18,"3"
"Chinook",46,"1"
"Chipewyan",60,"1"
"Chippewa",49,"3"
"Chiricahua",31,"2"
"Chiriguano",-20,"3"
"Chitimacha",30,"0"
"Choco",8,"3"
"Choctaw",33,"3"
"Choiseulese",-6,"4"
"Chokwe",-10,"3"
"Chopi",-25,"0"
"Choroti",-22,"2"
"Chorti",14,"3"
"Chugach",60,"1"
"Chukchee",66,"1"
"Chumash",34,"1"
"Chuvash",57,"5"
"Coahuilteco",29,"0"
"Coast Yuki",39,"1"
"Cocama",1,"3"
"Cochiti",36,"6"
"Cocopa",32,"5"
"Coeur dâ€™Alene",48,"1"
"Comanche",33,"1"
"Comox",50,"1"
"Coniagui",13,"3"
"Conibo",-9,"3"
"Coorg",12,"5"
"Coos",43,"1"
"Coroa",-8,"3"
"Cowichan",49,"1"
"Creek",33,"3"
"Crow",45,"2"
"Cubeo",1,"3"
"Cuna",9,"3"
"Cupeno",33,"1"
"Curipaco",5,"3"
"Czechs",50,"5"
"Dagari",11,"3"
"Dagomba",9,"3"
"Dagur",49,"0"
"Dahuni",-10,"4"
"Daka",8,"3"
"Dakakari",12,"3"
"Dan",8,"3"
"Dani",-4,"4"
"Darasa",6,"5"
"Dard",35,"5"
"Daza",17,"6"
"Delaware",41,"3"
"Delim",22,"6"
"Dera",10,"5"
"Dian",11,"3"
"Didinga",4,"3"
"Diegueno",32,"1"
"Dieri",-28,"1"
"Digo",-4,"3"
"Dilling",12,"5"
"Dime",6,"5"
"Dinka",9,"3"
"Diola",12,"3"
"Diula",9,"3"
"Djafun",8,"2"
"Djuka",5,"3"
"Dobuans",-10,"4"
"Dogon",15,"5"
"Dogrib",63,"1"
"Dorobo",0,"1"
"Dorosie",11,"3"
"Dorse",6,"5"
"Drawa",31,"0"
"Druze",33,"5"
"Duala",4,"3"
"Duruma",-4,"0"
"Dusun",6,"3"
"Dutch",53,"5"
"Dzem",3,"3"
"Dzing",-4,"3"
"Easter Island",-27,"3"
"Eastern Cree",51,"1"
"Eastern Mono",37,"1"
"Eastern Ojibwa",46,"1"
"Eastern Pomo",39,"1"
"Edo",6,"3"
"Efik",5,"3"
"Egba",7,"3"
"Egyptians",25,"6"
"Eidekum",6,"0"
"Ekiti",8,"3"
"Ekoi",6,"3"
"Ekonda",-2,"3"
"Elema",-8,"4"
"Elko Shoshoni",41,"1"
"Ellice",-8,"4"
"Ely Shoshoni",39,"2"
"Enga",-6,"3"
"Epi",-17,"0"
"Eromangans",-19,"0"
"Erzia mordva",53,"5"
"Esa",10,"2"
"Estonians",59,"5"
"Evenk",55,"1"
"Ewe",7,"3"
"Eyak",60,"1"
"Fajulu",4,"3"
"Falasha",12,"5"
"Fali",10,"3"
"Fang",1,"3"
"Fanti",6,"3"
"Fipa",-8,"3"
"Flathead",46,"1"
"Fon",7,"3"
"Fore",-6,"4"
"Fox",45,"3"
"French Canadians",47,"5"
"Fungom",7,"0"
"Fur",12,"5"
"Fut",6,"3"
"Futajalonke",11,"3"
"Futunans",-14,"4"
"Ga",6,"3"
"Gabrielo",34,"1"
"Gagauz",45,"5"
"Gagu",7,"3"
"Galab",5,"3"
"Ganda",1,"5"
"Garo",26,"3"
"Gbande",8,"3"
"Gbari",10,"5"
"Georgians",42,"6"
"Gheg",42,"5"
"Gibe",8,"5"
"Gidjingali",-12,"1"
"Gilbert Onotoa",-2,"4"
"Gilyak",53,"1"
"Gimma",13,"6"
"Giriama",-3,"3"
"Gisiga",10,"3"
"Gisu",1,"3"
"Goajiro",12,"2"
"Gogo",-7,"3"
"Gola",7,"3"
"Goldi",47,"3"
"Goroa",-4,"3"
"Gosiute",40,"1"
"Greeks",39,"5"
"Groote Eylandt",-14,"1"
"Gros Ventre",49,"1"
"Guahibo",5,"3"
"Guanche",28,"3"
"Guato",-19,"2"
"Guaymi",8,"0"
"Gude",10,"5"
"Gujarati",20,"5"
"Gurage",8,"6"
"Gure",10,"3"
"Gurma",12,"3"
"Guro",7,"3"
"Gusii",-1,"3"
"Ha",-5,"5"
"Habbania",11,"3"
"Hadendowa",18,"0"
"Hadimu",-6,"3"
"Haida",54,"1"
"Haisla",54,"1"
"Haitians",18,"5"
"Hamama",30,"5"
"Hammar",5,"3"
"Hamyan",35,"5"
"Hano",36,"6"
"Hanunoo",13,"3"
"Hasania",14,"3"
"Hasinai",31,"3"
"Hatsa Kindiga",-3,"1"
"Hausa Kanawa",12,"3"
"Havasupai",36,"6"
"Hawaiians",20,"6"
"Haya",-1,"5"
"Hazara",35,"6"
"Hebrews",32,"5"
"Hehe",-8,"5"
"Hemat",11,"3"
"Herero",-21,"1"
"Hidatsa",47,"5"
"Hill Bhuiya",21,"3"
"Hill Suk",1,"5"
"Ho",22,"0"
"Hona",10,"5"
"Hopi",36,"6"
"Huastec",22,"0"
"Huave",16,"0"
"Huchnom",39,"1"
"Huichol",23,"3"
"Hukundika",42,"1"
"Hunde",-2,"5"
"Hungarian",47,"5"
"Hupa",41,"1"
"Huron",44,"3"
"Hutsul",49,"5"
"Iatmul",-4,"4"
"Iban",2,"3"
"Ibibio",5,"3"
"Ibo",6,"3"
"Icelanders",64,"2"
"Idoma",7,"3"
"Ife",7,"3"
"Ifora",20,"6"
"Ifugao",17,"6"
"Ifuluk",7,"4"
"Igala",7,"3"
"Igbira",8,"3"
"Ijaw",2,"3"
"Ila",-16,"3"
"Ili-Mandiri",-8,"3"
"Inca",-13,"6"
"Ingalik",62,"1"
"Ingassana",11,"5"
"Ingrians",59,"5"
"Iowa",41,"3"
"Iranians",36,"6"
"Iraqw",-4,"5"
"Irish",53,"5"
"Iroquois",43,"3"
"Isala",10,"3"
"Ishigakians",24,"0"
"Isleta",35,"6"
"Isoko",5,"3"
"Itelmen",55,"1"
"Itsekiri",6,"3"
"Iwa",-10,"3"
"Jacaltec",14,"0"
"Janjero",8,"5"
"Japanese",35,"6"
"Javanese",-7,"6"
"Jebala",35,"6"
"Jemez",36,"6"
"Jibu",8,"0"
"Jicaque",15,"0"
"Jicarilla",36,"3"
"Jie",3,"3"
"Jimma",8,"5"
"Jivaro",-3,"3"
"Jordanians",32,"5"
"Jukun",8,"3"
"Jur",8,"3"
"Kababish",17,"2"
"Kabre",10,"5"
"Kabyle",36,"5"
"Kachari",27,"0"
"Kachin",26,"3"
"Kadara",10,"5"
"Kafa",7,"5"
"Kagoro",10,"5"
"Kaguru",-6,"3"
"Kakoli",-6,"5"
"Kakwa",4,"3"
"Kalinga",18,"6"
"Kalispel",49,"1"
"Kalmyk",46,"2"
"Kamba",-2,"5"
"Kamia",33,"5"
"Kamuku",11,"5"
"Kanembu",14,"5"
"Kanuri",12,"5"
"Kaoka",-10,"4"
"Kaonde",-13,"3"
"Kapauku",-4,"3"
"Kapingamarang",1,"4"
"Kapsiki",11,"5"
"Kara",-2,"5"
"Karamojong",2,"0"
"Karankawa",29,"1"
"Karekare",12,"3"
"Karelians",64,"3"
"Karen",17,"6"
"Kariera",-21,"1"
"Karok",42,"1"
"Kasena",11,"3"
"Kashmir",34,"6"
"Kaska",59,"1"
"Kasonke",13,"3"
"Katab",10,"5"
"Katikitegon",46,"1"
"Kazak",48,"2"
"Kazan tatar",55,"5"
"Kei",-6,"4"
"Kela",-3,"3"
"Kentu",7,"0"
"Keraki",-9,"4"
"Kerala",11,"6"
"Kerewe",-3,"5"
"Ket",62,"1"
"Kewyipaya",34,"2"
"Keyu",0,"6"
"Khalka",46,"2"
"Khasi",26,"3"
"Khevsur",43,"5"
"Khmer",13,"5"
"Khond",18,"0"
"Kickapoo",43,"0"
"Kidutokado",42,"1"
"Kikuyu",-1,"5"
"Kiliwa",31,"1"
"Kimam",-7,"5"
"Kiowa",36,"1"
"Kiowa Apache",36,"1"
"Kipsigis",-1,"6"
"Kisama",-10,"3"
"Kissi",9,"3"
"Kiwai",-9,"4"
"Klahuse",51,"1"
"Klallam",48,"1"
"Klamath",43,"1"
"Klikitat",46,"1"
"Koalib",12,"5"
"Kodi",-10,"0"
"Kohistani",35,"6"
"Koiari",-9,"4"
"Koita",-9,"4"
"Koko",4,"0"
"Kol",22,"5"
"Kom",6,"0"
"Koma",9,"3"
"Kongo",-7,"3"
"Konjo",-1,"3"
"Konkomba",10,"3"
"Konso",6,"5"
"Koobe",-5,"0"
"Koranko",9,"3"
"Koreans",35,"6"
"Koro",18,"0"
"Korongo",10,"3"
"Koryak",62,"1"
"Kota",1,"3"
"Kotoko",12,"5"
"Koya",19,"0"
"Kpe",4,"3"
"Kpelle",7,"3"
"Kran",6,"3"
"Kru",5,"3"
"Kuba",-5,"3"
"Kubu",-3,"4"
"Kuikuru",-13,"3"
"Kuki",23,"0"
"Kuku",4,"5"
"Kukuruku",7,"3"
"Kulango",7,"3"
"Kumu",-1,"3"
"Kumyk",42,"5"
"Kunama",15,"3"
"Kunda",-15,"3"
"Kundu",10,"3"
"Kunta",19,"5"
"Kurama",10,"3"
"Kurd",32,"6"
"Kurtatchi",-5,"4"
"Kusaians",5,"4"
"Kusasi",11,"5"
"Kutchin",66,"1"
"Kutenai",50,"1"
"Kutshu",-4,"3"
"Kutubu",-6,"4"
"Kuyuidokado",40,"1"
"Kwaio",-9,"0"
"Kwakiutl",51,"1"
"Kwere",-7,"3"
"Kwoma",-4,"4"
"Labwor",3,"3"
"Lacandon",17,"3"
"Laguna",35,"6"
"Laka",8,"3"
"Lakalai",-5,"4"
"Lake Miwok",38,"1"
"Lake Tonga",-12,"3"
"Lake Yokuts",36,"1"
"Lakher",22,"3"
"Lala",-15,"3"
"Lalia",-1,"0"
"Lamba",-13,"3"
"Lamet",20,"3"
"Lamotrek",7,"4"
"Lango",2,"3"
"Lapps",68,"1"
"Las Vegas",36,"6"
"Lassik",40,"1"
"Latvians",57,"5"
"Lau",-18,"4"
"Lawa",18,"3"
"Lebanese",34,"5"
"Lele",-5,"3"
"Lenca",14,"3"
"Lendu",2,"3"
"Lenge",-25,"3"
"Lengua",-23,"2"
"Lepcha",28,"5"
"Lese",2,"3"
"Lesu",-3,"4"
"Lhota",27,"3"
"Li",19,"5"
"Lida Shoshoni",37,"1"
"Lifu",-21,"4"
"Lillooet",50,"1"
"Lipan",30,"1"
"Liptako",14,"3"
"Lithuanian Karaim",55,"4"
"Lithuanian Tatar",55,"4"
"Lithuanians",55,"5"
"Livs",57,"5"
"Lobi",10,"3"
"Locono",6,"3"
"Logo",3,"3"
"Lokele",1,"3"
"Lolo",29,"5"
"Longuda",10,"5"
"Lotuko",4,"3"
"Lovedu",-24,"5"
"Lowiili",11,"5"
"Lozi",-15,"5"
"Luapula",-10,"3"
"Luba",-8,"3"
"Luchazi",-13,"3"
"Lugbara",3,"3"
"Luguru",-8,"3"
"Luimbe",-12,"3"
"Luiseno",33,"1"
"Lulua",-6,"0"
"Lummi",49,"1"
"Luo",-1,"5"
"Luvale",-12,"3"
"Luwa",-7,"0"
"Macassarese",-5,"6"
"Macha",9,"5"
"Macusi",4,"3"
"Madan",31,"6"
"Madi",4,"3"
"Mafulu",-8,"4"
"Magar",28,"6"
"Maguzawa",12,"0"
"Mahaguaduka",39,"2"
"Maidu",40,"1"
"Mailu",-10,"4"
"Majuro",7,"4"
"Makah",48,"1"
"Makin",3,"4"
"Makonde",-11,"3"
"Makua",-15,"0"
"Malays",5,"6"
"Male",6,"5"
"Malinke",11,"3"
"Mam",15,"3"
"Mambila",7,"5"
"Mambwe",9,"3"
"Mamvu",3,"3"
"Man",22,"0"
"Manam",-4,"4"
"Manchu",45,"5"
"Mandan",47,"5"
"Mandja",6,"3"
"Mangaians",-22,"4"
"Mangarevans",-20,"4"
"Mangbetu",3,"3"
"Manihikians",-10,"4"
"Manobo",8,"3"
"Manprusi",10,"5"
"Mansi",63,"1"
"Manus",-2,"2"
"Mao",9,"3"
"Maori",-35,"3"
"Mapuche",-39,"5"
"Margi",11,"5"
"Maria Gond",19,"3"
"Maricopa",33,"6"
"Marindamin",-8,"4"
"Marquesans",-9,"4"
"Marri",30,"5"
"Marshallese",6,"4"
"Masa",10,"6"
"Masai",-2,"1"
"Mataco",-24,"2"
"Matakam",11,"5"
"Mattole",40,"1"
"Maue",-4,"3"
"Mazateco",18,"0"
"Mbala",-5,"0"
"Mbandja",4,"3"
"Mbau Fijians",-18,"4"
"Mbugwe",-4,"0"
"Mbum",7,"3"
"Mbundu",-12,"3"
"Mbuti",2,"1"
"Meban",10,"3"
"Mekeo",-9,"4"
"Mende",8,"3"
"Menomini",46,"3"
"Mentaweians",-3,"4"
"Merina",-19,"6"
"Meru",0,"3"
"Mesakin",11,"3"
"Mescalero",33,"2"
"Messiria Humr",11,"3"
"Miami",40,"3"
"Miao",26,"6"
"Micmac",47,"1"
"Midobi",16,"2"
"Mikir",26,"0"
"Mimika",-4,"4"
"Min Chinese",24,"6"
"Minangkabau",-1,"6"
"Minchia",26,"6"
"Minianka",12,"3"
"Miriam",-10,"4"
"Miskito",13,"3"
"Miwok",38,"1"
"Mixe",17,"3"
"Mixtec",18,"0"
"Miyakans",24,"0"
"Mnong Gar",12,"3"
"Moache",37,"1"
"Moanunts",39,"1"
"Moapa",36,"2"
"Moba",11,"3"
"Modoc",42,"1"
"Mogh",20,"3"
"Moghol",34,"6"
"Mohave",35,"5"
"Moldovans",47,"5"
"Molima",-10,"0"
"Monachi",37,"1"
"Mondari",6,"3"
"Mongo",1,"0"
"Monguor",39,"5"
"Montagnais",48,"1"
"Moro",11,"5"
"Moroccans",33,"6"
"Moru",5,"3"
"Mossi Ouagadou",12,"3"
"Mota",-14,"4"
"Motilon",9,"3"
"Motu",-9,"3"
"Mpongwe",-2,"3"
"Muju",-6,"4"
"Mumuye",9,"5"
"Mundang",10,"3"
"Mundurucu",-6,"3"
"Muong",21,"6"
"Muria Gond",20,"3"
"Murinbata",-14,"1"
"Murngin",-12,"1"
"Musgu",11,"5"
"Mutair",28,"1"
"Mzab",33,"6"
"Nabesna",63,"1"
"Nail",35,"5"
"Nama",-26,"1"
"Nambicura",-12,"3"
"Namshi",9,"3"
"Nandi",0,"5"
"Nankanse",10,"3"
"Naron",-20,"1"
"Naskapi",58,"1"
"Natchez",32,"3"
"Nauruans",-1,"4"
"Navaho",37,"6"
"Ndaka Babali",1,"3"
"Ndau",-20,"0"
"Ndebele",-20,"3"
"Ndembu",-11,"3"
"Ndob",6,"3"
"Ndoko",2,"3"
"Ndoro",7,"3"
"Neapolitians",41,"5"
"Negidal",52,"1"
"Negri Sembilan",21,"6"
"Netsilik",69,"1"
"New England",42,"5"
"Nez Perce",45,"1"
"Ngala",1,"3"
"Nganasan",72,"1"
"Ngarawapum",-6,"4"
"Ngbandi",4,"3"
"Ngere",7,"3"
"Ngizim",12,"0"
"Ngombe",2,"3"
"Ngonde",-10,"5"
"Ngoni",-12,"3"
"Ngulu",-6,"3"
"Ngumba",3,"3"
"Ngumbi",-15,"0"
"Nicobarese",9,"4"
"Nipigon",50,"1"
"Nisenan",39,"1"
"Niueans",-19,"4"
"Nkundo",0,"3"
"Nomlaki",39,"1"
"Nomoians",6,"0"
"Nono",14,"5"
"Nootka",49,"1"
"Northern Pomo",39,"1"
"Northern Saulteaux",52,"1"
"Nsaw",6,"3"
"Nsungli",6,"3"
"Nuer",8,"3"
"Nunamiut",68,"1"
"Nunivak",60,"1"
"Nunuma",12,"5"
"Nupe",9,"3"
"Nuri",36,"6"
"Nyakyusa",-9,"5"
"Nyamwezi",-5,"3"
"Nyaneka",-15,"3"
"Nyanja",-16,"3"
"Nyankole",0,"3"
"Nyaro",11,"0"
"Nyasa",-13,"0"
"Nyima",12,"5"
"Nyoro",2,"5"
"Ob Ostyak",62,"1"
"Ojibwa",52,"1"
"Okinawans",26,"5"
"Omaha",41,"3"
"Ona",-54,"1"
"Ontong Java",-5,"4"
"Opata",30,"0"
"Oraon",23,"5"
"Oroch",51,"1"
"Orok",54,"1"
"Orokaiva",-9,"4"
"Osset",43,"5"
"Oto",40,"3"
"Otomi",20,"0"
"Otoro",12,"5"
"Ottawa",46,"3"
"Oyo Yoruba",8,"3"
"Paez",3,"5"
"Pahari",30,"5"
"Pahvant",39,"1"
"Paiwan",22,"3"
"Palauans",7,"4"
"Palaung",23,"3"
"Palikur",3,"3"
"Panamint",36,"1"
"Panare",6,"3"
"Panguitch",38,"1"
"Papago",31,"6"
"Paraujano",11,"1"
"Pare",-4,"5"
"Paressi",-15,"3"
"Pari",5,"0"
"Pathan",35,"6"
"Patwin",39,"1"
"Pawnee",42,"3"
"Pedi",-25,"3"
"Pekangekum",52,"1"
"Pende",-6,"3"
"Penobscot",45,"0"
"Pepel",12,"3"
"Piapoco",6,"3"
"Piaroa",5,"3"
"Picuris",36,"6"
"Piegan",49,"1"
"Pima",31,"6"
"Pimbwe",-7,"3"
"Piro",-12,"0"
"Plains Bira",1,"3"
"Plains Cree",45,"1"
"Plains Suk",1,"3"
"Plateau Tonga",-18,"3"
"Podokwo",11,"5"
"Pokomam",15,"0"
"Pokomo",-1,"6"
"Ponapeans",7,"4"
"Ponca",43,"3"
"Pondo",-31,"5"
"Popoi",2,"3"
"Popoluca",18,"3"
"Portuguese",42,"0"
"Potawatomi",44,"3"
"Poto",2,"3"
"Pukapukans",-11,"4"
"Puku",2,"3"
"Punjabi",32,"5"
"Purari",-7,"4"
"Purum",25,"3"
"Puyallup",47,"1"
"Puyuma",23,"6"
"Quahgai",30,"2"
"Quiche",15,"3"
"Quileute",48,"1"
"Quinault",47,"1"
"Rainy River",49,"1"
"Ramcocamecra",-7,"3"
"Rangi",-5,"3"
"Ranon",-16,"0"
"Raroians",-16,"4"
"Reddi",18,"3"
"Rega",-3,"3"
"Regeibat",22,"6"
"Rengama",26,"0"
"Rennell",-12,"4"
"Reshe",11,"5"
"Rhade",13,"3"
"Riffians",35,"5"
"Romanians",45,"0"
"Romans",42,"5"
"Rossel",-9,"4"
"Rotinese",-11,"0"
"Rotumans",-13,"4"
"Ruanda",-2,"5"
"Rucuyen",3,"0"
"Rumbi",0,"3"
"Rundi",-3,"5"
"Russians",53,"6"
"Rwala",33,"1"
"Saadi",30,"5"
"Safwa",-8,"3"
"Sagada",17,"6"
"Sahel",35,"5"
"Sakalava",-21,"3"
"Sakata",-3,"3"
"Salinan",36,"1"
"Samarokena",-3,"0"
"Samburu",1,"1"
"Samo",13,"5"
"Samoans",-14,"4"
"San Juan",36,"6"
"Sandawe",-5,"3"
"Sanema",4,"2"
"Sanga",2,"3"
"Sangu",-8,"6"
"Sanpoil",48,"1"
"Santa Ana",35,"6"
"Santa Clara",36,"0"
"Santa Cruz",-11,"4"
"Santal",24,"6"
"Santee",45,"2"
"Santo Domingo",36,"0"
"Sanusi",31,"5"
"Sapei",1,"3"
"Sapo",6,"3"
"Sara",9,"3"
"Saramacca",4,"3"
"Sarsi",54,"1"
"Satudene",65,"1"
"Sawakudokwa",41,"1"
"Sekani",56,"1"
"Selkup",59,"1"
"Selung",12,"1"
"Sema",26,"3"
"Semang",5,"1"
"Seminole",27,"0"
"Sena",-18,"3"
"Seniang",-17,"4"
"Senoi",4,"3"
"Senufo",10,"6"
"Serbs",44,"5"
"Serer",14,"3"
"Seri",29,"1"
"Serrano",34,"1"
"Shako",7,"5"
"Shambala",-5,"5"
"Shangama",6,"5"
"Shantung",37,"5"
"Shasta",41,"1"
"Shavante",-14,"3"
"Shawiya",36,"6"
"Shawnee",37,"3"
"Sherbro",7,"3"
"Sherente",-9,"3"
"Sherpa",28,"5"
"Shila",-10,"0"
"Shilluk",10,"3"
"Shiriana",4,"1"
"Shivwits",36,"6"
"Shluh",30,"6"
"Shogo",-1,"3"
"Shona",-19,"3"
"Shuswap",51,"1"
"Shuwa",13,"3"
"Sia",36,"6"
"Siamese",15,"6"
"Siane",-6,"4"
"Sidamo",7,"5"
"Simboese",-8,"0"
"Sindhi",25,"6"
"Sinhalese",7,"6"
"Sinkaitk",49,"1"
"Sinkyone",40,"1"
"Sio",-6,"4"
"Siriono",-16,"3"
"Siuai",-6,"4"
"Siuslaw",44,"1"
"Sivokakmeit",63,"1"
"Siwans",29,"6"
"Slave",61,"1"
"Soga",1,"5"
"Somali",8,"5"
"Somba",11,"3"
"Songe",-6,"3"
"Songhai",17,"5"
"Songo",-5,"3"
"Songola",-4,"3"
"Soninke",15,"3"
"Sonjo",-3,"6"
"Soromadja",-2,"4"
"Sotho",-29,"5"
"Southern Pomo",38,"1"
"Southern Ute",38,"2"
"Spaniards",37,"5"
"Spanish Basques",43,"5"
"Squamish",50,"1"
"Stalo",49,"1"
"Star Mountain",-5,"0"
"Subanun",8,"3"
"Sugbuhanon",10,"6"
"Suku",-6,"3"
"Sukuma",-3,"5"
"Sumbanese",-10,"6"
"Sumbawanese",-4,"3"
"Sumbwa",-4,"5"
"Sundi",-5,"3"
"Suri",6,"3"
"Susu",15,"3"
"Svan",43,"5"
"Swazi",-27,"3"
"Syrians",36,"6"
"Tagbanua",10,"3"
"Tagotoka",43,"1"
"Tahitians",-18,"4"
"Tahltan",58,"1"
"Taino",19,"6"
"Takelma",42,"1"
"Tallensi",11,"5"
"Tamil",11,"6"
"Tanaina",62,"1"
"Tanala",-22,"6"
"Tangu",-3,"4"
"Tanimbarese",-8,"3"
"Tannese",-20,"4"
"Taos",37,"5"
"Tapirape",-11,"3"
"Taqagmiut",62,"1"
"Tarahumara",28,"5"
"Tarasco",19,"5"
"Tareumiut",71,"1"
"Tatoga",-5,"3"
"Taulipang",4,"3"
"Taviwatsiu",40,"1"
"Tazarawa",14,"3"
"Teda",21,"6"
"Tehuelche",-46,"1"
"Teita",-4,"5"
"Teke",-3,"3"
"Tekna",28,"6"
"Telugu",18,"6"
"Tem",11,"5"
"Temne",8,"3"
"Tenetehara",-3,"3"
"Tenino",45,"1"
"Tepehuan",27,"0"
"Tequistlatec",16,"0"
"Tera",11,"3"
"Terena",-21,"3"
"Teso",2,"3"
"Tetela",-4,"0"
"Teton",43,"1"
"Tewa",36,"6"
"Thado",25,"3"
"Thompson",50,"1"
"Thonga",-24,"3"
"Tibetans",30,"6"
"Tigon",17,"3"
"Tigre",17,"3"
"Tigrinya",14,"5"
"Tikar",6,"3"
"Tikopia",-12,"4"
"Timucua",27,"3"
"Tira",11,"5"
"Tiriki",0,"5"
"Tiv",7,"3"
"Tiwi",-12,"1"
"Tlaxcalans",19,"3"
"Tlingit",58,"1"
"Toba",-25,"4"
"Tobelorese",1,"3"
"Toda",12,"1"
"Toedokado",40,"1"
"Tokelau",-9,"4"
"Tolkepaya",34,"3"
"Tolowa",42,"1"
"Toma",11,"3"
"Tongans",-20,"4"
"Tongarevans",-9,"4"
"Topoke",0,"3"
"Topotha",5,"3"
"Toradja",-2,"3"
"Toro",1,"3"
"Totonac",20,"3"
"Trarza",18,"6"
"Tristan da Cunha",-37,"5"
"Trobriands",-8,"4"
"Trukese",7,"4"
"Trumai",-12,"3"
"Tsamai",5,"6"
"Tsimshian",55,"1"
"Tswana",-24,"3"
"Tuareg Ahaggar",23,"6"
"Tubaduka",40,"1"
"Tubatulabal",39,"1"
"Tuburi",10,"3"
"Tucano",0,"0"
"Tucuna",-3,"3"
"Tukudika",44,"1"
"Tukulor",1,"3"
"Tullishi",12,"3"
"Tumbuka",-12,"3"
"Tunava",37,"1"
"Tunebo",7,"3"
"Tunisians",37,"5"
"Tupinamba",-8,"3"
"Tura",8,"3"
"Turkana",4,"3"
"Turkmen",38,"6"
"Turks",38,"5"
"Turu",-5,"5"
"Tututni",42,"1"
"Twana",48,"1"
"Tzeltal",17,"0"
"Ubamer",6,"5"
"Udalan",16,"5"
"Udihe",47,"1"
"Udmurt",57,"5"
"Ukranians",48,"5"
"Ulawans",-10,"4"
"Ulch",50,"1"
"Ulithians",10,"4"
"Umatilla",46,"1"
"Umotina",-15,"3"
"Ungazikmit",64,"1"
"Upolu",-14,"4"
"Uru",-16,"0"
"Usiai",-2,"4"
"Uttar Pradesh",26,"6"
"Uveans",-13,"4"
"Uzbek",43,"0"
"Vagala",8,"3"
"Vai",7,"3"
"Vanua Levu",-17,"4"
"Vedda",8,"1"
"Venda",-23,"5"
"Veps",61,"5"
"Vere",9,"5"
"Votes",59,"5"
"Vugusu",1,"3"
"Wadadokado",43,"1"
"Wadaduka",41,"1"
"Wadatkuht",41,"1"
"Waica",2,"3"
"Waiwai",1,"3"
"Walapai",36,"2"
"Walbiri",-22,"1"
"Walloons",50,"5"
"Wantoat",-7,"4"
"Wapishana",3,"3"
"Wappo",38,"1"
"Waropen",-2,"4"
"Warrau",9,"2"
"Washo",39,"1"
"Wenatchi",48,"1"
"Western Apache",34,"3"
"Wichita",34,"3"
"Wikmunkan",-14,"1"
"Wind River",43,"1"
"Winnebago",44,"3"
"Wintu",41,"1"
"Wishram",46,"1"
"Witoto",-1,"3"
"Wiyambituka",39,"1"
"Wiyot",40,"1"
"Wodaabe Fulani",12,"2"
"Wogeo",-3,"4"
"Wolof",15,"3"
"Wongaibon",-32,"1"
"Wukchumni",36,"1"
"Wute",6,"3"
"Xam",-30,"1"
"Xhosa",-33,"3"
"Yabarana",5,"3"
"Yagua",-3,"3"
"Yahanduka",42,"1"
"Yahgan",-55,"1"
"Yaka",-7,"3"
"Yako",6,"3"
"Yakut",65,"2"
"Yalunka",10,"3"
"Yami",22,"3"
"Yana",41,"1"
"Yanomamo",2,"3"
"Yanzi",-4,"3"
"Yao",-13,"3"
"Yapese",9,"4"
"Yaqui",28,"6"
"Yaruro",7,"3"
"Yatenga",13,"5"
"Yavapai",35,"2"
"Yeke",-11,"0"
"Yekuana",3,"3"
"Yemeni",15,"6"
"Yergum",9,"0"
"Yir Yoront",-15,"1"
"Yokuts",36,"1"
"Yombe",-5,"3"
"Yucatec Maya",18,"3"
"Yuchi",35,"3"
"Yukaghir",70,"1"
"Yuki",40,"1"
"Yuma",33,"5"
"Yungur",10,"5"
"Yupa",9,"3"
"Yurak",68,"1"
"Yurok",41,"1"
"Zapotec",17,"3"
"Zazzagawa Hausa",11,"6"
"Zekara",34,"6"
"Zenaga",18,"5"
"Zerma",13,"5"
"Zigula",-6,"3"
"Zinza",-3,"3"
"Zuande",7,"3"
"Zulu",-29,"3"
"Zuni",35,"6"
NA,NA,NA
NA,NA,NA
NA,NA,NA
NA,NA,NA
NA,NA,NA
NA,NA,NA
NA,NA,NA
NA,NA,NA
NA,NA,NA
NA,NA,NA
NA,NA,NA
NA,NA,NA
NA,NA,NA
NA,NA,NA
NA,NA,NA
NA,NA,NA
NA,NA,NA
NA,NA,NA
NA,NA,NA
NA,NA,NA
NA,NA,NA
NA,NA,NA
NA,NA,NA
NA,NA,NA
NA,NA,NA
